filename,lap_var,fft_hf_ratio,noise_est,local_var
000000.npy,0.00205272,0.999940,0.00472212,0.06433123
000001.npy,0.00115994,0.999972,0.00538274,0.06253130
000002.npy,0.00122757,0.999966,0.00560539,0.06077427
000003.npy,0.00117577,0.999965,0.00556423,0.05888434
000004.npy,0.08230571,0.998295,0.03122783,0.11908998
000006.npy,0.01266264,0.999533,0.01355710,0.04711702
000007.npy,0.01312255,0.999519,0.01412597,0.04693340
000008.npy,0.05373072,0.999606,0.01771018,0.13894580
000009.npy,0.03861348,0.999673,0.00993449,0.10424378
000010.npy,0.02969928,0.999722,0.00888979,0.09169176
000011.npy,0.04039267,0.999658,0.01013184,0.10758206
000012.npy,0.00522291,0.999759,0.01218988,0.04339151
000014.npy,0.02917316,0.999829,0.00267543,0.04688437
000015.npy,0.04216488,0.999729,0.00294020,0.06249411
000016.npy,0.00689248,0.999972,0.00852997,0.07815370
000017.npy,0.02552105,0.999789,0.02091000,0.17917661
000018.npy,0.02489024,0.999786,0.02116393,0.17557891
000019.npy,0.02560279,0.999788,0.02082019,0.17832336
000020.npy,0.00109012,0.999990,0.00498614,0.05326317
000021.npy,0.00345177,0.999965,0.00535945,0.04453839
000022.npy,0.00352406,0.999962,0.00551826,0.04236095
000023.npy,0.00349283,0.999963,0.00545931,0.04216368
000024.npy,0.11606417,0.997221,0.05471077,0.13693789
000025.npy,0.06120016,0.997117,0.02689919,0.10954838
000026.npy,0.05996313,0.997125,0.02656891,0.10805404
000027.npy,0.05974191,0.997127,0.02649474,0.10786179
000028.npy,0.00610300,0.999955,0.01076074,0.06357607
000029.npy,0.01669736,0.999812,0.01290074,0.11914188
000030.npy,0.01775930,0.999799,0.01253733,0.10873660
000031.npy,0.01669996,0.999812,0.01292899,0.11917711
000032.npy,0.00585884,0.999977,0.00405743,0.04140698
000033.npy,0.03019980,0.999911,0.01140201,0.13470559
000034.npy,0.02786093,0.999922,0.01217665,0.11700094
000035.npy,0.03062525,0.999912,0.01135301,0.13000016
000036.npy,0.01072374,0.999749,0.01409057,0.03899821
000038.npy,0.01119766,0.999850,0.01721659,0.06914792
000039.npy,0.01169185,0.999850,0.01746235,0.07217519
000040.npy,0.01489526,0.999910,0.00776694,0.10969936
000043.npy,0.02193999,0.999862,0.01308863,0.15720466
000044.npy,0.11445495,0.999193,0.03317529,0.17890300
000045.npy,0.01870303,0.999920,0.01544484,0.12134595
000046.npy,0.02028481,0.999921,0.01580729,0.13202013
000047.npy,0.02087799,0.999904,0.01742726,0.12496350
000048.npy,0.00858929,0.999591,0.00563569,0.03105465
000050.npy,0.34691072,0.987081,0.12475642,0.13588655
000051.npy,0.35282248,0.986891,0.12593735,0.13657083
000053.npy,0.02390127,0.999566,0.01957316,0.11384819
000055.npy,0.01566649,0.999606,0.01476238,0.10269736
000056.npy,0.01237482,0.999851,0.00646917,0.13673253
000057.npy,0.00787378,0.999780,0.01893935,0.04517671
000060.npy,0.00805286,0.999957,0.01108965,0.08392587
000061.npy,0.00423519,0.999895,0.01107859,0.04952037
000062.npy,0.00442184,0.999886,0.01141083,0.04985403
000064.npy,0.00706264,0.999976,0.00474386,0.07245806
000066.npy,0.00844754,0.999906,0.00887459,0.07415852
000067.npy,0.01379954,0.999891,0.01107876,0.09153484
000068.npy,0.00680338,0.999989,0.00615914,0.07940940
000069.npy,0.00251501,0.999945,0.00325939,0.07112414
000070.npy,0.00274494,0.999946,0.00332626,0.07448619
000071.npy,0.00250189,0.999946,0.00324179,0.07101970
000072.npy,0.02020850,0.999796,0.01440192,0.12445793
000073.npy,0.01789590,0.999927,0.01654009,0.11692522
000074.npy,0.01923118,0.999922,0.01699064,0.12526377
000075.npy,0.01912304,0.999922,0.01685316,0.12373133
000077.npy,0.00481003,0.999054,0.01493808,0.04222173
000078.npy,0.01264218,0.998437,0.02460035,0.05511571
000079.npy,0.00493360,0.998917,0.01532239,0.03894336
000080.npy,0.02792107,0.999784,0.00421379,0.07003785
000082.npy,0.02458373,0.999131,0.01009430,0.07973997
000083.npy,0.02437953,0.999085,0.01006021,0.07701176
000084.npy,0.05710111,0.998509,0.02076017,0.10668289
000086.npy,0.12781202,0.998847,0.03086260,0.18567714
000087.npy,0.11178191,0.999069,0.02304045,0.17573579
000088.npy,0.00030721,0.999995,0.00344746,0.02979621
000090.npy,0.00184447,0.999968,0.00714050,0.09214448
000091.npy,0.00181845,0.999968,0.00732330,0.09042636
000092.npy,0.01671567,0.999565,0.02064864,0.08920825
000094.npy,0.00387506,0.999513,0.01133126,0.03886623
000096.npy,0.08645553,0.998779,0.03636934,0.16377330
000097.npy,0.01483503,0.999298,0.02213638,0.08937475
000098.npy,0.01444936,0.999310,0.02184550,0.08545434
000099.npy,0.01489899,0.999299,0.02266669,0.08914272
000100.npy,0.00535177,0.999883,0.00560313,0.04577435
000101.npy,0.00326435,0.999920,0.01192623,0.04168417
000102.npy,0.00346801,0.999912,0.01233312,0.04250171
000103.npy,0.00353811,0.999913,0.01253573,0.04120793
000104.npy,0.00710205,0.999970,0.00958472,0.10679901
000106.npy,0.00050076,0.999977,0.00329237,0.07324374
000107.npy,0.00057041,0.999984,0.00344567,0.08476767
000108.npy,0.14951410,0.996722,0.03928458,0.16847250
000109.npy,0.08663693,0.997815,0.02505987,0.12837353
000110.npy,0.06197170,0.997035,0.02331475,0.10351479
000111.npy,0.05751784,0.997071,0.02240388,0.10005871
000112.npy,0.02369169,0.999516,0.01639421,0.10342767
000113.npy,0.00479312,0.999865,0.01403141,0.05091050
000115.npy,0.00656039,0.999968,0.00440579,0.03500522
000116.npy,0.01830867,0.999869,0.01464606,0.09090401
000117.npy,0.01429575,0.999817,0.01460462,0.07390981
000119.npy,0.01298233,0.999853,0.01398654,0.07398397
000120.npy,0.01015181,0.999968,0.00311688,0.08162412
000121.npy,0.00380169,0.999921,0.00407345,0.06793625
000122.npy,0.00417429,0.999933,0.00467027,0.06849817
000123.npy,0.00531980,0.999911,0.00471305,0.07838723
000125.npy,0.00813008,0.999939,0.00574269,0.09586057
000126.npy,0.00791057,0.999936,0.00567329,0.09482684
000127.npy,0.00806873,0.999936,0.00531142,0.09340569
000128.npy,0.00483221,0.999871,0.01532630,0.03206344
000129.npy,0.02734093,0.999854,0.01745743,0.13729203
000130.npy,0.02631979,0.999846,0.01670215,0.13875690
000131.npy,0.02606267,0.999847,0.01661448,0.13872515
000132.npy,0.00543293,0.999964,0.00573815,0.02658821
000133.npy,0.08536894,0.998160,0.06082540,0.09089130
000134.npy,0.02906093,0.998259,0.02877884,0.04327092
000135.npy,0.09394039,0.997797,0.06411842,0.09546423
000136.npy,0.00977987,0.999785,0.00797795,0.08425202
000138.npy,0.01761525,0.995214,0.02040425,0.05702486
000139.npy,0.01615705,0.994900,0.01897416,0.05284623
000140.npy,0.04952970,0.999879,0.01201506,0.14743000
000141.npy,0.03382677,0.999828,0.01295714,0.17158027
000142.npy,0.03193553,0.999861,0.01269169,0.17151666
000143.npy,0.03363759,0.999829,0.01292832,0.17122997
000144.npy,0.01385026,0.999779,0.01547362,0.06334435
000146.npy,0.01313564,0.999550,0.02467947,0.03016682
000147.npy,0.01287796,0.999565,0.02484767,0.02982664
000148.npy,0.02076687,0.999679,0.01892089,0.09963149
000150.npy,0.01579876,0.999665,0.02550588,0.04433469
000151.npy,0.01625331,0.999667,0.02619866,0.04472712
000152.npy,0.05429002,0.998339,0.02969112,0.09703346
000153.npy,0.01270860,0.999560,0.02496359,0.06138548
000154.npy,0.00742268,0.999811,0.01856737,0.05165633
000156.npy,0.02970491,0.999525,0.01232332,0.16428633
000157.npy,0.00627039,0.999019,0.00548021,0.04911933
000158.npy,0.00494088,0.999271,0.00492755,0.04870341
000163.npy,0.00249344,0.999948,0.00712557,0.10830248
000164.npy,0.00880550,0.999985,0.00865246,0.09634498
000165.npy,0.00127825,0.999973,0.00638256,0.08132731
000166.npy,0.00130868,0.999964,0.00661472,0.07828263
000168.npy,0.02189105,0.999915,0.00694118,0.12659806
000169.npy,0.00291555,0.999967,0.00969070,0.02595816
000170.npy,0.00215458,0.999978,0.00846684,0.02192623
000171.npy,0.00155424,0.999974,0.00392241,0.02216050
000172.npy,0.02079723,0.999670,0.03098372,0.05333328
000173.npy,0.07920269,0.997387,0.06310703,0.06665862
000174.npy,0.07197946,0.997255,0.05951016,0.06400954
000175.npy,0.07339789,0.997146,0.06051233,0.06457542
000176.npy,0.03227746,0.999577,0.00797835,0.09407462
000177.npy,0.03379081,0.999037,0.03915028,0.04854267
000178.npy,0.01236743,0.999802,0.02359624,0.02947704
000179.npy,0.03728684,0.998927,0.04094960,0.05109921
000180.npy,0.00190933,0.999822,0.00544721,0.02515472
000181.npy,0.01179321,0.999630,0.01449733,0.07712100
000184.npy,0.03181460,0.999846,0.01756234,0.09217488
000185.npy,0.00214632,0.999838,0.00866162,0.07322600
000186.npy,0.00220714,0.999845,0.00848318,0.07051792
000187.npy,0.00213724,0.999839,0.00871026,0.07315043
000189.npy,0.03304097,0.999377,0.01472461,0.11738911
000191.npy,0.03046097,0.999346,0.01474063,0.10836131
000192.npy,0.01311984,0.999931,0.00226212,0.02349591
000193.npy,0.00964267,0.999895,0.00675074,0.11696863
000194.npy,0.00900170,0.999895,0.00642312,0.11072415
000195.npy,0.00886196,0.999892,0.00624349,0.10828419
000196.npy,0.02152221,0.999837,0.01569886,0.10149419
000197.npy,0.00326814,0.999972,0.00850048,0.08654971
000198.npy,0.00323561,0.999974,0.00848356,0.08431774
000199.npy,0.00321587,0.999972,0.00852266,0.08586881
000200.npy,0.03108229,0.999093,0.03186130,0.04672108
000201.npy,0.00642124,0.999898,0.01331406,0.02929471
000202.npy,0.00524517,0.999913,0.01220754,0.02709020
000203.npy,0.00590319,0.999901,0.01282998,0.02824478
000204.npy,0.03273770,0.999634,0.00355815,0.06794090
000206.npy,0.07134993,0.998808,0.01847380,0.14860281
000207.npy,0.06342487,0.998945,0.01515585,0.14357223
000208.npy,0.00506773,0.999875,0.01407386,0.03904511
000209.npy,0.00309828,0.999923,0.01103258,0.03307032
000210.npy,0.00332650,0.999912,0.01137548,0.03423912
000212.npy,0.00648879,0.999906,0.00402442,0.06388613
000213.npy,0.00029028,0.999983,0.00300558,0.02867644
000214.npy,0.00043617,0.999985,0.00416392,0.02600715
000215.npy,0.00030722,0.999986,0.00309341,0.02472857
000216.npy,0.00763046,0.999530,0.00848574,0.06612974
000217.npy,0.00483821,0.999949,0.00960282,0.06478664
000218.npy,0.00405032,0.999976,0.00822033,0.05205176
000219.npy,0.00387618,0.999978,0.00806780,0.04978707
000220.npy,0.00375018,0.999736,0.01273970,0.02965430
000221.npy,0.03348446,0.999681,0.01244757,0.12563941
000222.npy,0.02817804,0.999686,0.01182762,0.11238595
000223.npy,0.05289597,0.999603,0.01211076,0.17260081
000224.npy,0.03921804,0.999059,0.03326226,0.07588341
000225.npy,0.03248811,0.996045,0.03691739,0.05257449
000226.npy,0.04621426,0.996133,0.04479650,0.06174685
000228.npy,0.20095078,0.996547,0.04295880,0.20864546
000229.npy,0.06016032,0.999669,0.03320755,0.17434371
000230.npy,0.05772784,0.999683,0.03274736,0.16907701
000231.npy,0.05035229,0.999690,0.03260163,0.16350405
000232.npy,0.07755796,0.995563,0.01967248,0.10570882
000233.npy,0.05443278,0.996806,0.01956070,0.08758982
000234.npy,0.05102809,0.996966,0.01944267,0.08470105
000235.npy,0.05257128,0.996892,0.01998284,0.08947855
000236.npy,0.00741701,0.999926,0.00727384,0.07487674
000237.npy,0.00836641,0.999924,0.01031883,0.10482260
000238.npy,0.00646719,0.999945,0.00894540,0.09837437
000239.npy,0.00538795,0.999961,0.00817958,0.09737656
000240.npy,0.04402938,0.999026,0.00650226,0.10201481
000241.npy,0.00023295,0.999998,0.00243358,0.02157046
000242.npy,0.00025789,0.999998,0.00245353,0.02622104
000243.npy,0.00023244,0.999998,0.00238348,0.02157612
000244.npy,0.09529848,0.998905,0.02250396,0.17349286
000245.npy,0.01750730,0.999870,0.00592369,0.02531667
000246.npy,0.02723829,0.999771,0.00576241,0.03727873
000248.npy,0.01588391,0.999736,0.00574156,0.05591484
000249.npy,0.06070171,0.995672,0.01725337,0.10151019
000250.npy,0.08111687,0.995682,0.02749563,0.11982208
000252.npy,0.00443499,0.999994,0.00451297,0.06597507
000253.npy,0.00432450,0.999994,0.00315930,0.03005620
000254.npy,0.00524040,0.999991,0.00364430,0.05110873
000255.npy,0.00430101,0.999995,0.00312961,0.02794333
000256.npy,0.02821962,0.999920,0.00315288,0.11488712
000257.npy,0.08290910,0.999092,0.02100774,0.17921786
000258.npy,0.08293672,0.999092,0.02104049,0.17928141
000259.npy,0.08378593,0.998878,0.02087077,0.17761473
000260.npy,0.02691485,0.999085,0.01497838,0.08259655
000262.npy,0.00980382,0.999921,0.00551954,0.06738199
000263.npy,0.00900806,0.999922,0.00534795,0.06371664
000265.npy,0.00298341,0.999916,0.00671375,0.03451203
000266.npy,0.00300149,0.999916,0.00657278,0.03473543
000267.npy,0.00300032,0.999922,0.00645048,0.03778939
000268.npy,0.00089764,0.999990,0.00438542,0.03584358
000269.npy,0.02999140,0.993379,0.00493830,0.05010563
000272.npy,0.06983896,0.999849,0.00930263,0.19134296
000273.npy,0.05335498,0.998131,0.05049183,0.05711391
000274.npy,0.05633381,0.998080,0.05161182,0.05859411
000276.npy,0.00026095,0.999982,0.00305253,0.03002918
000278.npy,0.00069833,0.999957,0.00412307,0.06313349
000280.npy,0.05012959,0.999751,0.01095201,0.15816560
000281.npy,0.01990435,0.999890,0.00558137,0.10315552
000282.npy,0.01560247,0.999912,0.00523854,0.08405319
000283.npy,0.01898236,0.999877,0.00548643,0.10074720
000284.npy,0.04162967,0.999596,0.01807350,0.12515666
000285.npy,0.00803675,0.999460,0.01188866,0.03995876
000288.npy,0.00901465,0.999938,0.00756397,0.10106380
000289.npy,0.02350881,0.999763,0.01706063,0.08826040
000291.npy,0.03978273,0.999438,0.02287158,0.10324606
000292.npy,0.00548670,0.999715,0.00431652,0.04734342
000293.npy,0.03858085,0.998987,0.04175481,0.05246756
000296.npy,0.03263452,0.999437,0.01364812,0.09684167
000297.npy,0.02980199,0.999263,0.01052303,0.09073690
000298.npy,0.02812624,0.999294,0.01065199,0.08729085
000299.npy,0.02973092,0.999270,0.01040821,0.09146166
000300.npy,0.04603417,0.951402,0.04884596,0.04777963
000302.npy,0.00708626,0.999673,0.00262128,0.06174300
000303.npy,0.00666624,0.999663,0.00238936,0.05638744
000304.npy,0.00855767,0.999868,0.01015909,0.09236965
000305.npy,0.00551258,0.999927,0.01197740,0.06929642
000306.npy,0.00556499,0.999932,0.01186768,0.07826914
000307.npy,0.00556551,0.999932,0.01184957,0.07829826
000308.npy,0.00033102,0.999994,0.00328694,0.05340131
000309.npy,0.00787683,0.999949,0.01044953,0.07220908
000310.npy,0.00779720,0.999949,0.01039561,0.07184009
000311.npy,0.00775208,0.999950,0.01033412,0.07174741
000312.npy,0.04152774,0.999500,0.03005149,0.15324779
000313.npy,0.00163678,0.999963,0.00827026,0.02059059
000315.npy,0.00159598,0.999971,0.00803686,0.02245040
000316.npy,0.00289574,0.999952,0.00334163,0.00868439
000317.npy,0.02780397,0.999846,0.00484668,0.06549207
000318.npy,0.02935354,0.999783,0.00561058,0.07567162
000319.npy,0.03294397,0.999770,0.00631689,0.08310602
000321.npy,0.00754070,0.999897,0.00707673,0.07424159
000322.npy,0.00899203,0.999905,0.00786295,0.08030433
000324.npy,0.02187573,0.999901,0.00590915,0.11250944
000326.npy,0.00595165,0.999727,0.00400127,0.05137789
000327.npy,0.00599003,0.999721,0.00405409,0.05153840
000328.npy,0.00701864,0.999846,0.01830955,0.03706586
000329.npy,0.00914674,0.999800,0.01065918,0.07059754
000330.npy,0.00909662,0.999802,0.01058455,0.07040690
000331.npy,0.00878617,0.999786,0.01040988,0.06808704
000332.npy,0.00091933,0.999977,0.00328844,0.06873729
000334.npy,0.01564041,0.999726,0.01242382,0.09081680
000335.npy,0.01573004,0.999726,0.01241410,0.09108693
000336.npy,0.00177055,0.999984,0.00455334,0.12113313
000337.npy,0.00053289,0.999941,0.00402275,0.04180427
000338.npy,0.00104826,0.999941,0.00566891,0.05817970
000340.npy,0.00832619,0.999892,0.00848523,0.04742987
000341.npy,0.00197092,0.999983,0.00594803,0.06949174
000342.npy,0.00184795,0.999984,0.00592112,0.07012470
000343.npy,0.00189098,0.999984,0.00588065,0.06885211
000344.npy,0.00836384,0.999943,0.00666331,0.08196651
000346.npy,0.00614758,0.999944,0.00491181,0.06524837
000347.npy,0.00617552,0.999944,0.00491041,0.06535988
000348.npy,0.01070493,0.999589,0.00719054,0.07754305
000350.npy,0.03463368,0.996694,0.02430212,0.09273685
000352.npy,1.65194714,0.951665,0.29878955,0.28742301
000353.npy,0.48039688,0.950182,0.16240384,0.15374509
000354.npy,0.61029477,0.950800,0.18144223,0.17415209
000356.npy,0.02491037,0.999906,0.00886121,0.09977881
000357.npy,0.00890560,0.999798,0.00929328,0.06499799
000359.npy,0.01145497,0.999776,0.00959831,0.06993158
000360.npy,0.04527336,0.999656,0.02086310,0.13391282
000361.npy,0.00407869,0.999345,0.00945443,0.01529675
000362.npy,0.01007024,0.999253,0.01344818,0.02589050
000363.npy,0.01002167,0.999011,0.01202431,0.02742663
000365.npy,0.01626124,0.997966,0.00901863,0.05806256
000367.npy,0.01619910,0.997993,0.00889351,0.05820452
000368.npy,0.00602963,0.999901,0.00695044,0.06074817
000369.npy,0.01806157,0.999868,0.01674585,0.08885993
000370.npy,0.02624528,0.999798,0.02034002,0.10900781
000371.npy,0.02257130,0.999816,0.01883659,0.09488021
000372.npy,0.00972334,0.999696,0.02100425,0.04225495
000373.npy,0.06405953,0.999658,0.02319294,0.12629676
000374.npy,0.06570439,0.999663,0.02428879,0.12522537
000376.npy,0.05526589,0.999678,0.01894833,0.09194060
000377.npy,0.08204937,0.999337,0.02390048,0.10922277
000378.npy,0.07835689,0.999320,0.02541509,0.10657237
000379.npy,0.07699806,0.999397,0.01797904,0.10328835
000380.npy,0.01497987,0.999459,0.01019949,0.06834117
000381.npy,0.03259409,0.999154,0.03558962,0.06306054
000382.npy,0.03572046,0.998891,0.03673559,0.06481881
000383.npy,0.03360635,0.999265,0.03640474,0.06380692
000384.npy,0.00405574,0.999881,0.00295092,0.05176745
000385.npy,0.09716205,0.993971,0.06372852,0.08923475
000387.npy,0.10004919,0.993447,0.06462991,0.09027720
000388.npy,0.00990648,0.999925,0.00638153,0.09054347
000389.npy,0.00692235,0.999062,0.01592454,0.05495397
000390.npy,0.00399973,0.999200,0.00505809,0.02345631
000392.npy,0.00349864,0.999967,0.00492048,0.05597178
000393.npy,0.00480731,0.999886,0.01445635,0.04380759
000394.npy,0.00435603,0.999907,0.01369726,0.04234704
000395.npy,0.00202700,0.999965,0.00949464,0.03101260
000396.npy,0.02097957,0.999759,0.01821035,0.10433473
000400.npy,0.00059618,0.999995,0.00282569,0.07890277
000402.npy,0.00581545,0.999979,0.00399137,0.03705683
000403.npy,0.00344042,0.999987,0.00373254,0.02998221
000404.npy,0.05781991,0.998474,0.03609987,0.09912142
000405.npy,0.48135432,0.950971,0.16269848,0.15510172
000406.npy,0.44491455,0.950910,0.15632303,0.14866892
000407.npy,0.59389601,0.951289,0.17881974,0.17193511
000408.npy,0.00901363,0.999862,0.00809520,0.06216348
000409.npy,0.00262858,0.999928,0.01125502,0.03310632
000411.npy,0.00260248,0.999929,0.01110628,0.03323074
000412.npy,0.00661341,0.999831,0.01677749,0.04848643
000413.npy,0.05407206,0.999648,0.03451145,0.12404220
000415.npy,0.05007636,0.999697,0.03255721,0.12145400
000416.npy,0.00821987,0.999909,0.00794480,0.09047888
000418.npy,0.01711062,0.999280,0.02616817,0.03862972
000419.npy,0.01716546,0.999360,0.02617439,0.03879580
000420.npy,0.00432552,0.999980,0.00489223,0.02894307
000421.npy,0.00680718,0.999918,0.01554326,0.03149006
000422.npy,0.00672327,0.999919,0.01544229,0.03131173
000424.npy,0.00507856,0.999987,0.00410355,0.05079931
000425.npy,0.00451517,0.999125,0.00837381,0.01943012
000426.npy,0.00590421,0.999615,0.00776040,0.02759756
000427.npy,0.00445924,0.999479,0.00732374,0.02321120
000429.npy,0.03866044,0.999815,0.02143910,0.22346869
000430.npy,0.03997598,0.999840,0.01992357,0.22961448
000431.npy,0.03821280,0.999824,0.02102302,0.22146323
000433.npy,0.00858024,0.999454,0.01506726,0.04880907
000434.npy,0.00711761,0.999387,0.01345435,0.04684379
000435.npy,0.00651335,0.999386,0.01319300,0.04667075
000436.npy,0.00223586,0.999862,0.00483894,0.05921804
000439.npy,0.00234756,0.999828,0.00895616,0.08052205
000441.npy,0.00285594,0.999989,0.00404639,0.09104405
000443.npy,0.00199128,0.999991,0.00339452,0.07366211
000444.npy,0.00836622,0.999806,0.01092259,0.09290121
000445.npy,0.00471705,0.999899,0.01243759,0.08355264
000447.npy,0.00414284,0.999909,0.01168827,0.07235975
000448.npy,0.05055584,0.997401,0.04894316,0.06022385
000449.npy,0.00526725,0.999563,0.01353536,0.07990143
000451.npy,0.00564018,0.999464,0.01432158,0.07550036
000452.npy,0.00174789,0.999983,0.00403422,0.04948223
000453.npy,0.02037946,0.999916,0.02244868,0.08225032
000454.npy,0.02067781,0.999914,0.02275796,0.08341545
000455.npy,0.02025133,0.999918,0.02244892,0.08098433
000457.npy,0.03741546,0.999199,0.01396116,0.09012033
000460.npy,0.00709396,0.999972,0.00687541,0.11526590
000461.npy,0.00015510,0.999996,0.00260632,0.03551243
000463.npy,0.00017850,0.999996,0.00278551,0.04010375
000464.npy,0.02440325,0.999446,0.01922154,0.08315152
000465.npy,0.04402659,0.998473,0.04831356,0.04344594
000466.npy,0.04795821,0.998291,0.04998108,0.04535445
000467.npy,0.04963029,0.998235,0.05086084,0.04616288
000468.npy,0.07628748,0.999813,0.00904837,0.11485408
000469.npy,0.05558358,0.998032,0.02311782,0.09544528
000470.npy,0.05524800,0.997864,0.02376306,0.09277394
000471.npy,0.05558101,0.998071,0.02334073,0.09672846
000472.npy,0.01223424,0.999985,0.00422485,0.13245165
000473.npy,0.00173687,0.999995,0.00313325,0.05147945
000474.npy,0.00175726,0.999996,0.00333509,0.04471309
000475.npy,0.00214920,0.999996,0.00339087,0.04670880
000476.npy,0.01350692,0.999391,0.00392566,0.06398068
000477.npy,0.04375015,0.998658,0.04341042,0.05737688
000479.npy,0.04465046,0.998586,0.04433621,0.05814214
000480.npy,0.03272445,0.998868,0.02735523,0.11365873
000481.npy,0.00386974,0.999939,0.01086406,0.06228003
000483.npy,0.00388516,0.999938,0.01097941,0.06261812
000484.npy,0.01620652,0.999929,0.01590316,0.10070159
000486.npy,0.00210192,0.999960,0.01015260,0.02291517
000487.npy,0.00213019,0.999960,0.01003753,0.02305280
000489.npy,0.01446168,0.999783,0.01186805,0.11003462
000492.npy,0.03882343,0.999311,0.01093838,0.10243563
000493.npy,0.04347972,0.997759,0.04547410,0.04991274
000495.npy,0.06683985,0.997899,0.05609686,0.06199144
000497.npy,0.04159889,0.998785,0.01856526,0.10460955
000498.npy,0.04606110,0.998950,0.01882525,0.11395848
000500.npy,0.01217586,0.999950,0.01309946,0.07436935
000501.npy,0.00822974,0.999951,0.01114289,0.08131725
000502.npy,0.00868672,0.999949,0.01182939,0.08234797
000504.npy,0.02073304,0.999748,0.00465065,0.10232732
000505.npy,0.03691678,0.999615,0.00786182,0.15884081
000506.npy,0.04089185,0.999588,0.00822386,0.16602221
000507.npy,0.04026321,0.999596,0.00802934,0.16534206
000508.npy,0.00324277,0.999986,0.00283452,0.01998050
000509.npy,0.05212861,0.997433,0.02835354,0.09550357
000510.npy,0.03701058,0.997586,0.02399513,0.08118035
000511.npy,0.03683002,0.997673,0.02346592,0.08122806
000512.npy,0.01391343,0.999885,0.00321292,0.03248570
000513.npy,0.14798940,0.999771,0.02051682,0.18973455
000514.npy,0.13651278,0.999784,0.02184752,0.17879334
000516.npy,0.01779770,0.999896,0.01649577,0.05740474
000517.npy,0.02959503,0.999782,0.01984511,0.09898888
000518.npy,0.02605877,0.999824,0.01934112,0.08868696
000519.npy,0.02838291,0.999801,0.02018716,0.09226087
000520.npy,0.03460430,0.999793,0.01670007,0.11037406
000521.npy,0.00427619,0.999912,0.01238046,0.03665325
000522.npy,0.00440594,0.999908,0.01247033,0.03900474
000523.npy,0.00443485,0.999910,0.01259087,0.03996044
000524.npy,0.08134692,0.999258,0.01849224,0.16454439
000529.npy,0.03914583,0.999728,0.00598075,0.08047136
000530.npy,0.03924682,0.999712,0.00647525,0.08596585
000531.npy,0.05113489,0.999682,0.00826462,0.09413663
000532.npy,0.02730253,0.999721,0.00598610,0.07239983
000536.npy,0.00076069,0.999961,0.00550696,0.06407309
000537.npy,0.00098759,0.999960,0.00645784,0.06521045
000538.npy,0.00097517,0.999962,0.00655463,0.06420340
000539.npy,0.00099230,0.999960,0.00650712,0.06549001
000540.npy,0.00525105,0.999967,0.00780254,0.05878127
000541.npy,0.00340151,0.999864,0.01140499,0.02620919
000542.npy,0.00364606,0.999829,0.01191106,0.02563017
000543.npy,0.00338974,0.999864,0.01133237,0.02616439
000544.npy,0.00523173,0.999965,0.00270299,0.01354361
000546.npy,0.01595010,0.999798,0.00504326,0.07032233
000547.npy,0.01935365,0.999638,0.00955326,0.10459250
000548.npy,0.00134950,0.999989,0.00390140,0.02369642
000549.npy,0.00444766,0.999778,0.00202575,0.03951901
000550.npy,0.00267445,0.999745,0.00200146,0.02681231
000551.npy,0.00444216,0.999769,0.00207873,0.03625478
000552.npy,0.04040495,0.999829,0.00559109,0.06613731
000553.npy,0.00228261,0.999979,0.00527177,0.05443509
000554.npy,0.00202838,0.999980,0.00536776,0.05999168
000556.npy,0.00024462,0.999981,0.00237599,0.02978501
000557.npy,0.00037370,0.999997,0.00340865,0.01009963
000558.npy,0.00058859,0.999998,0.00291933,0.02262918
000560.npy,0.02853133,0.999412,0.01198360,0.10339846
000561.npy,0.04925339,0.999434,0.02252479,0.10692823
000563.npy,0.05072855,0.999344,0.02439510,0.10379507
000566.npy,0.03238303,0.999827,0.02657259,0.09486378
000567.npy,0.02947454,0.999849,0.02563481,0.08874059
000568.npy,0.04324542,0.999670,0.01897847,0.12090952
000569.npy,0.02274301,0.999807,0.01370832,0.10830720
000571.npy,0.02297309,0.999801,0.01361187,0.10705423
000572.npy,0.03237287,0.999187,0.02085719,0.08885813
000573.npy,0.00409930,0.999993,0.00349162,0.01264807
000574.npy,0.00074552,0.999997,0.00332341,0.00627703
000575.npy,0.00100192,0.999998,0.00336949,0.00709653
000578.npy,0.03013219,0.999979,0.00578758,0.13512090
000579.npy,0.02535496,0.999981,0.00582701,0.11896539
000580.npy,0.00635660,0.999871,0.01705552,0.03812778
000581.npy,0.00263192,0.999984,0.00520104,0.12490662
000582.npy,0.00236607,0.999986,0.00478760,0.12103989
000583.npy,0.00170698,0.999989,0.00465313,0.11729348
000585.npy,0.03029631,0.998725,0.03433626,0.05228716
000586.npy,0.02701011,0.998747,0.03227308,0.04922219
000587.npy,0.02653233,0.998817,0.03215338,0.04902615
000588.npy,0.00252438,0.999948,0.00641568,0.06145068
000589.npy,0.00591009,0.999887,0.01579403,0.03247678
000590.npy,0.00631957,0.999859,0.01646432,0.03225821
000591.npy,0.00610672,0.999869,0.01608439,0.03162145
000592.npy,0.00031194,0.999998,0.00203169,0.06633246
000593.npy,0.02659646,0.999840,0.00662825,0.11201526
000594.npy,0.01198392,0.999954,0.00397659,0.10005198
000595.npy,0.02604613,0.999848,0.00629535,0.11119575
000596.npy,0.00732487,0.999969,0.00236285,0.03884153
000598.npy,0.00539921,0.999679,0.01572177,0.02832301
000599.npy,0.00536826,0.999678,0.01577199,0.02823065
000600.npy,0.00177807,0.999972,0.00580019,0.06832166
000601.npy,0.00235046,0.999898,0.00576255,0.03536206
000602.npy,0.00234616,0.999899,0.00581480,0.03536401
000603.npy,0.00290468,0.999910,0.00690338,0.04666357
000606.npy,0.04079717,0.999402,0.00486616,0.14636447
000607.npy,0.04356823,0.999248,0.00447170,0.14828612
000608.npy,0.02475963,0.999757,0.01153583,0.08425973
000609.npy,0.01107990,0.999533,0.01997099,0.04576309
000610.npy,0.01110148,0.999515,0.01993095,0.04586029
000611.npy,0.01169124,0.999193,0.02022171,0.03939725
000612.npy,0.00181306,0.999940,0.00520941,0.05804205
000613.npy,0.03288015,0.999089,0.00914238,0.09320024
000614.npy,0.02887498,0.998686,0.00818061,0.07242408
000615.npy,0.02872788,0.998688,0.00825204,0.07223576
000617.npy,0.01465048,0.999791,0.01549395,0.07397800
000618.npy,0.01415709,0.999797,0.01588559,0.07276738
000619.npy,0.01351087,0.999804,0.01609286,0.07117645
000621.npy,0.03464660,0.999892,0.01651068,0.09752573
000622.npy,0.03736661,0.999882,0.01802466,0.10117252
000623.npy,0.03711333,0.999872,0.01687856,0.09804922
000624.npy,0.06590859,0.996611,0.00196231,0.05802097
000625.npy,1.67815075,0.950768,0.30429650,0.28871903
000626.npy,1.67206596,0.950448,0.30016770,0.28821674
000627.npy,1.68546711,0.950027,0.30878432,0.28905275
000628.npy,0.00409176,0.999980,0.00535543,0.06408897
000629.npy,0.03721514,0.999060,0.03991784,0.05108032
000630.npy,0.03712535,0.998901,0.04033751,0.05122312
000631.npy,0.03765749,0.998993,0.04000591,0.05147754
000632.npy,0.00823387,0.999970,0.00543316,0.07074694
000634.npy,0.00424045,0.999933,0.00561304,0.04708322
000635.npy,0.00422522,0.999933,0.00557227,0.04702023
000636.npy,0.01668292,0.998647,0.01093054,0.06439196
000637.npy,0.00738549,0.999879,0.01248539,0.09625538
000638.npy,0.00696295,0.999877,0.01194391,0.09181610
000639.npy,0.00765779,0.999861,0.01261196,0.09406597
000640.npy,0.01666366,0.999795,0.01120645,0.07114296
000643.npy,0.00140226,0.999995,0.00506963,0.01024110
000646.npy,0.01706012,0.999895,0.01504742,0.08780862
000647.npy,0.01639211,0.999903,0.01422585,0.08201581
000648.npy,0.01483838,0.999994,0.01073609,0.14418358
000649.npy,0.01198610,0.999984,0.00627189,0.11560631
000651.npy,0.01196047,0.999984,0.00623390,0.11549007
000652.npy,0.00307952,0.999937,0.00569640,0.06744678
000653.npy,0.01762556,0.999189,0.01258984,0.08548577
000654.npy,0.01797855,0.999153,0.01237618,0.08630780
000655.npy,0.01728449,0.999170,0.01247120,0.08198245
000656.npy,0.01511559,0.999866,0.00844805,0.09998731
000657.npy,0.02186173,0.999968,0.00494318,0.12607205
000658.npy,0.02175720,0.999969,0.00483758,0.12582688
000659.npy,0.02909273,0.999955,0.00635918,0.15276128
000660.npy,0.00372673,0.999954,0.00450498,0.05923141
000662.npy,0.00499149,0.999924,0.01443024,0.03440104
000663.npy,0.00510721,0.999926,0.01467286,0.03472830
000664.npy,0.40568288,0.997567,0.09111303,0.24162598
000665.npy,0.01858159,0.996895,0.02454017,0.03844561
000666.npy,0.00461738,0.995363,0.00194192,0.00611557
000668.npy,0.00052115,0.999994,0.00312786,0.07103122
000670.npy,0.00755245,0.999966,0.00903949,0.08547050
000671.npy,0.00674966,0.999970,0.00832616,0.07934858
000672.npy,0.08994054,0.999309,0.03253326,0.25097659
000673.npy,0.01969609,0.999923,0.01495615,0.14929371
000674.npy,0.02069591,0.999919,0.01519702,0.15006354
000676.npy,0.06185576,0.999550,0.01147090,0.15030208
000677.npy,0.10629408,0.999608,0.02964910,0.20636688
000678.npy,0.10629907,0.999608,0.02963304,0.20638457
000679.npy,0.11153198,0.999588,0.03131156,0.20641693
000680.npy,0.00606814,0.999968,0.00650030,0.12026285
000681.npy,0.00913076,0.999955,0.00659805,0.11362477
000682.npy,0.00897643,0.999953,0.00635523,0.11193615
000683.npy,0.00841047,0.999956,0.00634646,0.11510206
000684.npy,0.01407619,0.999930,0.00692059,0.12432379
000685.npy,0.00490586,0.999971,0.00447649,0.07763496
000686.npy,0.00453275,0.999976,0.00437208,0.07188954
000688.npy,0.00580469,0.999957,0.00601530,0.10185397
000691.npy,0.00749170,0.999951,0.00696764,0.14080527
000692.npy,0.00684741,0.999973,0.00199164,0.05951130
000693.npy,0.00274151,0.999915,0.00296220,0.05331603
000694.npy,0.00824163,0.999904,0.00456922,0.08582721
000695.npy,0.00385077,0.999918,0.00318405,0.06459321
000696.npy,0.01776682,0.999588,0.02536445,0.03681041
000697.npy,0.00428262,0.999970,0.01105176,0.05307356
000698.npy,0.00429988,0.999970,0.01100231,0.05357232
000699.npy,0.00482349,0.999971,0.01119199,0.05429590
000700.npy,0.00405427,0.999871,0.01072891,0.07837030
000701.npy,0.03062056,0.994954,0.03504359,0.05155621
000702.npy,0.03107765,0.995129,0.03540294,0.05321120
000703.npy,0.02973472,0.995210,0.03506634,0.05345800
000704.npy,0.01018612,0.999652,0.01698549,0.06208819
000705.npy,0.17070326,0.991617,0.09215806,0.09304465
000709.npy,0.00093306,0.999835,0.00405271,0.04378963
000710.npy,0.00090840,0.999869,0.00377596,0.04777362
000711.npy,0.00092174,0.999867,0.00377496,0.04798249
000712.npy,0.00843636,0.999866,0.00850077,0.08747701
000713.npy,0.00189082,0.999910,0.00715281,0.06432925
000715.npy,0.00190515,0.999919,0.00726888,0.06819029
000716.npy,0.06103301,0.999122,0.02432226,0.12423982
000717.npy,0.07721800,0.999471,0.03707531,0.17690165
000719.npy,0.08034602,0.999474,0.03852110,0.17985886
000720.npy,0.04329430,0.999143,0.02552815,0.12113687
000722.npy,0.01472309,0.999749,0.01158571,0.11525079
000723.npy,0.01472378,0.999750,0.01141394,0.11459399
000724.npy,0.04024788,0.998516,0.02690885,0.08908316
000726.npy,0.05251510,0.997880,0.02479916,0.10442562
000727.npy,0.04882009,0.997991,0.02339281,0.10061571
000728.npy,0.00281872,0.999985,0.00615525,0.08810309
000729.npy,0.00456557,0.999971,0.00735500,0.06886926
000730.npy,0.00322771,0.999964,0.00502725,0.05312598
000731.npy,0.00464677,0.999970,0.00726587,0.07034381
000733.npy,0.02315208,0.999791,0.01976648,0.06440752
000734.npy,0.02149240,0.999806,0.01954924,0.06236462
000736.npy,0.00826071,0.999948,0.00634155,0.10933710
000737.npy,0.00046385,0.999997,0.00323349,0.02048169
000738.npy,0.00121924,0.999981,0.00684132,0.04433752
000739.npy,0.00125484,0.999980,0.00699823,0.04540484
000740.npy,0.00334693,0.999940,0.00794170,0.04263954
000741.npy,0.01025861,0.999947,0.01147372,0.06463761
000742.npy,0.00833639,0.999957,0.01107840,0.05515821
000743.npy,0.01022679,0.999947,0.01138970,0.06452995
000744.npy,0.03908986,0.997771,0.01466501,0.10130204
000745.npy,0.00653002,0.999796,0.01854914,0.02099026
000747.npy,0.00707264,0.999777,0.01919307,0.02149951
000748.npy,0.02719353,0.999696,0.02372972,0.08822753
000750.npy,0.02274672,0.999518,0.02219191,0.09904709
000751.npy,0.02195823,0.999557,0.02224569,0.10012862
000753.npy,0.06342169,0.998282,0.05390009,0.05662670
000754.npy,0.06989614,0.997951,0.05612988,0.05880557
000755.npy,0.07434910,0.997874,0.05883607,0.06059026
000756.npy,0.00416073,0.999854,0.00914539,0.06956273
000757.npy,0.00153756,0.999957,0.00609100,0.03673142
000758.npy,0.00147040,0.999954,0.00585294,0.03487389
000759.npy,0.00217766,0.999907,0.00658596,0.04537804
000761.npy,0.07535439,0.997671,0.05818358,0.07293168
000762.npy,0.07564817,0.997726,0.05876537,0.07404494
000763.npy,0.07800357,0.997782,0.05903614,0.07466330
000765.npy,0.00965787,0.999701,0.00472820,0.05020540
000766.npy,0.01204358,0.999630,0.00508841,0.05411730
000767.npy,0.00966199,0.999705,0.00485685,0.05022234
000768.npy,0.04707622,0.999428,0.01119549,0.13077955
000769.npy,0.00435400,0.999928,0.00583843,0.05389806
000770.npy,0.00350234,0.999955,0.00555511,0.05114275
000771.npy,0.00362530,0.999954,0.00561418,0.05122823
000772.npy,0.00783864,0.999910,0.01297276,0.07773496
000773.npy,0.00340682,0.999842,0.01011448,0.04993662
000774.npy,0.00338698,0.999842,0.01002024,0.04980382
000775.npy,0.00338157,0.999842,0.01008478,0.04977846
000776.npy,0.03986352,0.999900,0.00416299,0.13361059
000777.npy,0.03288710,0.999946,0.01126777,0.07807326
000779.npy,0.04340216,0.999935,0.01413836,0.09578453
000780.npy,0.09239061,0.998358,0.02761878,0.12796032
000782.npy,0.00478353,0.999874,0.01219832,0.05749409
000783.npy,0.00486574,0.999871,0.01235400,0.05734868
000784.npy,0.01193852,0.999969,0.00506838,0.08955156
000785.npy,0.00220790,0.999604,0.00699369,0.03420805
000786.npy,0.00222809,0.999623,0.00691442,0.03455089
000788.npy,0.00247357,0.999962,0.00975751,0.04575247
000789.npy,0.00073697,0.999974,0.00422807,0.03456857
000790.npy,0.00072120,0.999971,0.00414315,0.03910452
000791.npy,0.00076610,0.999974,0.00431720,0.03470879
000792.npy,0.00502592,0.999980,0.00443744,0.03222333
000793.npy,0.01296269,0.999764,0.01649180,0.07714499
000795.npy,0.00960065,0.999784,0.01432029,0.06862401
000796.npy,0.00319931,0.999991,0.00182107,0.01097091
000797.npy,0.00619899,0.998654,0.00892366,0.03483161
000798.npy,0.00695186,0.998765,0.00936242,0.03856993
000799.npy,0.01020266,0.998580,0.01149115,0.04343621
000800.npy,0.06367026,0.998050,0.05481297,0.06667275
000802.npy,0.01141631,0.999777,0.02299383,0.03313114
000803.npy,0.01001240,0.999793,0.02144133,0.03211668
000804.npy,0.08823218,0.997530,0.04821077,0.13284621
000806.npy,0.00058319,0.999968,0.00463953,0.03095222
000808.npy,0.00460746,0.999552,0.00750033,0.05856746
000810.npy,0.00257730,0.999991,0.00640255,0.02157523
000811.npy,0.00551453,0.999987,0.00610562,0.05045810
000812.npy,0.01174650,0.999610,0.00849896,0.07066584
000813.npy,0.04820255,0.998503,0.02377783,0.11060313
000814.npy,0.04773463,0.998454,0.02376046,0.11012278
000815.npy,0.05062901,0.998515,0.02815065,0.11587337
000817.npy,0.06833780,0.998578,0.03509940,0.10610645
000818.npy,0.06896910,0.998863,0.03743696,0.10549209
000819.npy,0.08096083,0.998758,0.04190209,0.11390520
000821.npy,0.00107000,0.999375,0.00428903,0.02581788
000822.npy,0.00141430,0.999481,0.00492800,0.03133433
000823.npy,0.00120265,0.999423,0.00444732,0.02803472
000825.npy,0.00534302,0.999496,0.00713908,0.07413465
000826.npy,0.00517104,0.999522,0.00711034,0.07731165
000827.npy,0.00510931,0.999242,0.00576464,0.06011578
000829.npy,0.00342787,0.999850,0.00937778,0.02441970
000831.npy,0.00283843,0.999894,0.00916316,0.02126440
000833.npy,0.02559543,0.999679,0.00685033,0.12069259
000834.npy,0.03507537,0.999537,0.00584512,0.13410553
000835.npy,0.03132205,0.999569,0.00667905,0.12855409
000837.npy,0.01846235,0.999448,0.00708029,0.05842082
000839.npy,0.01032162,0.999557,0.00641832,0.05672907
000841.npy,0.00095378,0.999985,0.00443764,0.07332484
000842.npy,0.00100770,0.999976,0.00489115,0.07362837
000843.npy,0.00097273,0.999986,0.00420286,0.07488490
000845.npy,0.00141110,0.999951,0.00309965,0.03040047
000846.npy,0.00130443,0.999917,0.00309046,0.02361950
000847.npy,0.00140309,0.999952,0.00314037,0.03038395
000848.npy,0.01171830,0.999887,0.00836793,0.07279052
000849.npy,0.01008995,0.999533,0.01768022,0.07257842
000850.npy,0.01012433,0.999556,0.01818106,0.07148835
000852.npy,0.05068529,0.997125,0.01619494,0.08938873
000853.npy,0.07380698,0.998217,0.03917307,0.10397806
000854.npy,0.07256046,0.998129,0.04241368,0.10607506
000855.npy,0.07754156,0.997670,0.04596911,0.10669357
000856.npy,0.02836314,0.999881,0.00921664,0.11101554
000857.npy,0.00255636,0.999967,0.00971905,0.03911807
000858.npy,0.00338907,0.999950,0.01122042,0.04442394
000859.npy,0.00389947,0.999938,0.01178410,0.04713611
000860.npy,0.00641700,0.999907,0.00615483,0.08501019
000863.npy,0.00586092,0.999975,0.00875605,0.09606499
000864.npy,0.10236361,0.999104,0.02502336,0.18755203
000865.npy,0.05772102,0.998823,0.04833278,0.06878969
000866.npy,0.05995005,0.998783,0.04901312,0.07002430
000868.npy,0.01787091,0.999749,0.00983478,0.09809633
000869.npy,0.05932758,0.998093,0.05285220,0.06265295
000871.npy,0.07067138,0.997980,0.05800893,0.06808169
000872.npy,0.00095948,0.999989,0.00414027,0.06295895
000873.npy,0.01397934,0.999729,0.01640844,0.08497965
000874.npy,0.01371314,0.999708,0.01652887,0.08018537
000875.npy,0.01372031,0.999700,0.01645120,0.07943952
000876.npy,0.00775312,0.999892,0.00640368,0.06422448
000877.npy,0.00118561,0.999896,0.00706636,0.02066222
000878.npy,0.00119131,0.999899,0.00722221,0.02123788
000879.npy,0.00133607,0.999875,0.00755740,0.02311240
000880.npy,0.01604882,0.999639,0.02608102,0.04450367
000881.npy,0.00138769,0.999969,0.00580945,0.05482943
000882.npy,0.00139357,0.999967,0.00578415,0.05375229
000883.npy,0.00134756,0.999967,0.00576584,0.05324222
000884.npy,0.00292151,0.999062,0.00900013,0.02101266
000885.npy,0.00700679,0.999856,0.00773062,0.08319157
000889.npy,0.00073951,0.999994,0.00530629,0.03170551
000890.npy,0.00072257,0.999994,0.00525241,0.02621716
000891.npy,0.00073307,0.999993,0.00520770,0.03444997
000892.npy,0.02852588,0.999666,0.01093817,0.09019618
000894.npy,0.01349817,0.999887,0.00807571,0.04163883
000895.npy,0.01462340,0.999884,0.00817138,0.04613270
000896.npy,0.01932063,0.999923,0.00502100,0.10449804
000897.npy,0.00402531,0.999992,0.00406790,0.07623085
000898.npy,0.00331455,0.999994,0.00396004,0.05825192
000899.npy,0.00310521,0.999994,0.00397726,0.05295088
000900.npy,0.19448484,0.994308,0.09127136,0.12099867
000902.npy,0.01552295,0.999616,0.00726039,0.06907234
000904.npy,0.02619048,0.999492,0.01032445,0.09396569
000905.npy,0.06113069,0.999012,0.05284944,0.06191341
000906.npy,0.00551384,0.999946,0.01549146,0.01978130
000907.npy,0.03511406,0.999535,0.04006148,0.04700100
000909.npy,0.00257103,0.999719,0.00995982,0.04106701
000910.npy,0.00261332,0.999635,0.01020554,0.03911572
000911.npy,0.00261757,0.999703,0.01017120,0.04076863
000912.npy,0.00252845,0.999978,0.00813809,0.05226911
000913.npy,0.04225372,0.999186,0.02766339,0.13931589
000914.npy,0.04205900,0.999199,0.02864725,0.13929470
000916.npy,0.05203083,0.999719,0.02376504,0.14266282
000917.npy,0.00524000,0.999960,0.00807218,0.05539982
000918.npy,0.00505743,0.999962,0.00811494,0.05490707
000919.npy,0.00546691,0.999958,0.00826170,0.05662629
000920.npy,0.01836842,0.997945,0.00966113,0.07835716
000921.npy,0.01566169,0.999845,0.01329951,0.09691883
000922.npy,0.01443874,0.999852,0.01338286,0.09392392
000923.npy,0.01596166,0.999849,0.01326184,0.09643183
000924.npy,0.00056069,0.999997,0.00253809,0.03285223
000925.npy,0.01036651,0.998803,0.01855832,0.03552931
000927.npy,0.01010611,0.998734,0.01835902,0.03430277
000928.npy,0.00193844,0.999994,0.00276006,0.02416681
000929.npy,0.00757293,0.999975,0.00757681,0.06907663
000931.npy,0.00828659,0.999951,0.00960985,0.08504971
000932.npy,0.01833648,0.999835,0.00822457,0.20795201
000933.npy,0.00746569,0.999125,0.01152942,0.03204972
000934.npy,0.00374002,0.999608,0.00671527,0.03191485
000935.npy,0.00715841,0.999085,0.01152411,0.03013334
000936.npy,0.02822687,0.999217,0.01939194,0.08830596
000937.npy,0.00451904,0.999944,0.00731244,0.02983378
000939.npy,0.00450222,0.999941,0.00767270,0.02841747
000940.npy,0.06802667,0.998190,0.04711123,0.10353211
000941.npy,0.00101158,0.999973,0.00568795,0.03277968
000942.npy,0.00086660,0.999984,0.00515768,0.03398513
000943.npy,0.00090451,0.999981,0.00537485,0.03386645
000944.npy,0.00112336,0.999987,0.00365034,0.02777338
000945.npy,0.00047176,0.999996,0.00218282,0.06101638
000946.npy,0.00055674,0.999997,0.00216858,0.06418416
000947.npy,0.00050136,0.999996,0.00219829,0.06227962
000950.npy,0.00151883,0.999934,0.00461769,0.04339164
000951.npy,0.00142855,0.999942,0.00453354,0.04408656
000952.npy,0.01683193,0.999854,0.01729254,0.06122104
000953.npy,0.00604325,0.999792,0.01661496,0.02663605
000954.npy,0.00343511,0.999916,0.01267259,0.02065985
000955.npy,0.00617084,0.999784,0.01701482,0.02689235
000956.npy,0.02525283,0.999937,0.00850238,0.10677084
000957.npy,1.66131106,0.951241,0.30150588,0.28785765
000958.npy,1.67964489,0.950497,0.29745200,0.28880304
000959.npy,1.67384936,0.950739,0.30252738,0.28849977
000960.npy,0.00051822,0.999981,0.00313174,0.01388947
000963.npy,0.00519588,0.999864,0.01515505,0.03063734
000964.npy,0.00548193,0.999960,0.00666308,0.10531425
000965.npy,0.00273080,0.999926,0.00787034,0.09705833
000967.npy,0.00274825,0.999926,0.00789344,0.09739108
000968.npy,0.03272624,0.999164,0.01664863,0.10494031
000969.npy,0.03670147,0.999119,0.02655781,0.09883489
000970.npy,0.03722278,0.999220,0.02702363,0.09934936
000971.npy,0.03749238,0.999338,0.02562041,0.10432003
000972.npy,0.00300723,0.999987,0.00367552,0.05862781
000973.npy,0.00299938,0.999882,0.00609746,0.05918574
000974.npy,0.00344375,0.999898,0.00627688,0.06616725
000975.npy,0.00498114,0.999852,0.00829259,0.06757107
000976.npy,0.00271841,0.999872,0.00715080,0.02299419
000977.npy,0.00127254,0.999999,0.00145632,0.01944721
000979.npy,0.00155081,0.999999,0.00155084,0.01621946
000980.npy,0.09003999,0.990947,0.04299162,0.09528077
000981.npy,0.02344749,0.999847,0.00678178,0.07118748
000982.npy,0.02302442,0.999848,0.00683806,0.07019404
000983.npy,0.01283253,0.999927,0.00568711,0.05972757
000985.npy,0.00529205,0.999992,0.00311022,0.05293027
000988.npy,0.00451466,0.999961,0.00748846,0.06440009
000991.npy,0.00376893,0.999898,0.00961344,0.03654561
000992.npy,0.00185893,0.999819,0.00767729,0.02236479
000993.npy,0.00768083,0.999786,0.01904670,0.02882608
000994.npy,0.00776044,0.999773,0.01880716,0.02679700
000996.npy,0.01040406,0.999970,0.00338556,0.07689735
000997.npy,0.00220145,0.999985,0.00489163,0.07868826
000999.npy,0.00245825,0.999982,0.00503655,0.07702361
001000.npy,0.07136435,0.998102,0.03079577,0.11113430
001001.npy,0.01345909,0.999822,0.01943036,0.05132693
001002.npy,0.01697812,0.999758,0.02219478,0.05196705
001003.npy,0.01354406,0.999823,0.01940524,0.04997128
001004.npy,0.01017017,0.999941,0.00904211,0.12468928
001005.npy,0.00240149,0.999906,0.00949287,0.04805990
001006.npy,0.00244813,0.999903,0.00979235,0.05215538
001009.npy,0.00402369,0.999966,0.00431174,0.08369474
001010.npy,0.00243688,0.999989,0.00288120,0.07268063
001011.npy,0.00253224,0.999983,0.00343371,0.07940701
001012.npy,0.01212952,0.999854,0.01039332,0.09300683
001014.npy,0.00499331,0.999992,0.00193170,0.03093421
001016.npy,0.01421935,0.999794,0.00757537,0.09702294
001017.npy,0.00181196,0.999966,0.00510218,0.06763692
001018.npy,0.00247824,0.999957,0.00576032,0.05614978
001019.npy,0.00182975,0.999963,0.00499663,0.05826114
001020.npy,0.02298760,0.999588,0.01518657,0.10009805
001021.npy,0.02733516,0.998387,0.02376473,0.08340663
001024.npy,0.00950007,0.999978,0.00296901,0.06913818
001025.npy,0.02830538,0.999019,0.03504358,0.04614578
001026.npy,0.02804525,0.999035,0.03602558,0.04804855
001027.npy,0.02488777,0.999238,0.03376709,0.04603026
001029.npy,0.00155183,0.999981,0.00753859,0.03563060
001030.npy,0.00154089,0.999981,0.00748147,0.03549831
001031.npy,0.00155893,0.999979,0.00763441,0.02830422
001033.npy,0.03221629,0.999401,0.02535061,0.12110853
001034.npy,0.04294831,0.999441,0.02909497,0.14255889
001035.npy,0.03220075,0.999400,0.02553849,0.12106746
001036.npy,0.00583033,0.999980,0.00369462,0.02395174
001037.npy,0.01963628,0.999946,0.01250969,0.08952212
001038.npy,0.01742949,0.999953,0.01229258,0.08156104
001040.npy,0.01805435,0.999957,0.01177163,0.07053728
001043.npy,0.05272940,0.999889,0.01478035,0.18024252
001044.npy,0.02889247,0.999501,0.00691553,0.08469458
001045.npy,0.00106553,0.999986,0.00552288,0.06572620
001047.npy,0.00094319,0.999985,0.00547003,0.06310604
001048.npy,0.00236328,0.999991,0.00582412,0.11903122
001049.npy,0.00351772,0.999986,0.00758302,0.04490023
001052.npy,0.00171918,0.999995,0.00263845,0.08654992
001053.npy,0.00031496,0.999992,0.00302628,0.03056180
001054.npy,0.00041578,0.999994,0.00294133,0.03421224
001055.npy,0.00028969,0.999992,0.00296451,0.02937096
001057.npy,0.05192275,0.999450,0.03640329,0.13732271
001059.npy,0.04733187,0.999495,0.03516847,0.13045727
001060.npy,0.00330491,0.999920,0.00711192,0.09653885
001061.npy,0.00246174,0.999913,0.00610204,0.08621109
001062.npy,0.00247495,0.999914,0.00619636,0.08707599
001063.npy,0.00275709,0.999926,0.00660196,0.09217506
001064.npy,0.00116990,0.999984,0.00521580,0.05151128
001066.npy,0.00532253,0.999805,0.01574354,0.02762904
001067.npy,0.00525337,0.999804,0.01560209,0.02748066
001068.npy,0.00689650,0.999251,0.00568419,0.02885487
001069.npy,0.02513165,0.999744,0.00877808,0.12822917
001070.npy,0.03242015,0.999672,0.00938511,0.13616230
001071.npy,0.03737844,0.999603,0.01012415,0.13949735
001072.npy,0.02278754,0.999823,0.00815003,0.09444382
001073.npy,0.03618529,0.999581,0.01419777,0.13285238
001074.npy,0.03664875,0.999524,0.01360144,0.12878808
001075.npy,0.03592504,0.999572,0.01405457,0.13155982
001076.npy,0.02924623,0.999721,0.02850410,0.11541332
001077.npy,0.02152966,0.998693,0.02661465,0.06985984
001078.npy,0.02274505,0.998859,0.02673383,0.07194615
001079.npy,0.02310930,0.999172,0.02610113,0.07456832
001080.npy,0.01395048,0.999989,0.00557632,0.08938561
001083.npy,0.00134538,0.999963,0.00787359,0.01786555
001084.npy,0.00085276,0.999959,0.00332865,0.05667098
001085.npy,0.00188517,0.999871,0.00595227,0.07035211
001086.npy,0.00140916,0.999862,0.00452926,0.05473027
001087.npy,0.00141779,0.999857,0.00464264,0.05506412
001088.npy,0.00953140,0.999973,0.00456377,0.14096259
001090.npy,0.00372400,0.999970,0.00505161,0.11558928
001091.npy,0.00533247,0.999968,0.00610130,0.13754860
001093.npy,0.00100850,0.999786,0.00595198,0.04495774
001094.npy,0.00098847,0.999792,0.00591771,0.04457034
001095.npy,0.00100648,0.999786,0.00597447,0.04457894
001096.npy,0.01717485,0.999835,0.00777804,0.10583293
001097.npy,0.02269930,0.999489,0.00605814,0.07896652
001098.npy,0.02140733,0.999530,0.00466953,0.07128505
001100.npy,0.02988574,0.999917,0.01038886,0.08622510
001101.npy,0.00361029,0.999981,0.00263579,0.00771729
001102.npy,0.02262968,0.999855,0.00296984,0.03710732
001103.npy,0.02112657,0.999867,0.00284023,0.03404545
001104.npy,0.01698143,0.999858,0.00263172,0.02929251
001105.npy,0.01971221,0.997658,0.01185695,0.05840886
001106.npy,0.02924948,0.996833,0.01333435,0.06469958
001107.npy,0.02992264,0.998215,0.01688263,0.07384747
001108.npy,0.05182104,0.999752,0.01068788,0.11437923
001109.npy,0.04462373,0.999722,0.00615817,0.09648914
001110.npy,0.05297573,0.999630,0.00860680,0.11587287
001111.npy,0.04459987,0.999720,0.00616329,0.09704869
001112.npy,0.01178395,0.999830,0.01007589,0.06552821
001113.npy,0.00322493,0.999930,0.00752112,0.08145684
001115.npy,0.00330509,0.999930,0.00775311,0.08325305
001116.npy,0.00473305,0.999994,0.00357352,0.12129382
001118.npy,0.00226411,0.999981,0.00674185,0.04642277
001120.npy,0.02324199,0.999755,0.00453699,0.05313744
001121.npy,0.02370174,0.999610,0.00967259,0.11285598
001122.npy,0.03034690,0.999484,0.01066526,0.11988938
001124.npy,0.00120303,0.999901,0.00557150,0.04042039
001125.npy,0.00464211,0.999961,0.00523560,0.07439846
001126.npy,0.00675943,0.999960,0.00545439,0.07984875
001128.npy,0.00249191,0.999987,0.00368523,0.03525903
001129.npy,0.00130928,0.999981,0.00390757,0.05951188
001130.npy,0.00105372,0.999983,0.00397738,0.05166132
001131.npy,0.00135651,0.999981,0.00398358,0.05774036
001132.npy,0.07960944,0.999695,0.01245062,0.21283622
001133.npy,0.06372270,0.999813,0.01087761,0.18897474
001134.npy,0.06041137,0.999825,0.01116324,0.18687433
001135.npy,0.05987052,0.999828,0.01125398,0.18297309
001136.npy,0.01272807,0.999912,0.00914598,0.11597904
001138.npy,0.00805398,0.999942,0.01130168,0.08664832
001139.npy,0.00821587,0.999939,0.01136065,0.08747019
001140.npy,0.01455393,0.999748,0.00664022,0.05312707
001141.npy,0.01185741,0.999842,0.01567878,0.05877680
001142.npy,0.01286544,0.999827,0.01645026,0.06357531
001143.npy,0.01105751,0.999847,0.01491765,0.05658302
001144.npy,0.02128907,0.999812,0.01090817,0.12723474
001145.npy,0.01620858,0.999973,0.00509756,0.13435802
001147.npy,0.01559318,0.999966,0.00480295,0.12492835
001148.npy,0.02389472,0.999334,0.01802404,0.08096393
001149.npy,0.04589234,0.999303,0.02606740,0.14371185
001150.npy,0.04619433,0.999307,0.02602552,0.14421840
001151.npy,0.04618435,0.999303,0.02599997,0.14420474
001152.npy,0.04195640,0.999869,0.01236157,0.15862760
001153.npy,0.01414438,0.999949,0.01034212,0.09818529
001154.npy,0.01386061,0.999956,0.01052040,0.08767538
001155.npy,0.01221962,0.999956,0.00996269,0.08975390
001156.npy,0.00950632,0.999815,0.01258697,0.12663466
001157.npy,0.02438449,0.997873,0.03369833,0.05432581
001159.npy,0.02461121,0.997707,0.03386652,0.05576253
001160.npy,0.00148000,0.999973,0.00724367,0.03406047
001162.npy,0.00369590,0.999938,0.01218412,0.04039051
001163.npy,0.00350328,0.999941,0.01186783,0.04235349
001164.npy,0.01631667,0.998271,0.02165876,0.04867333
001165.npy,0.00180065,0.999988,0.00473395,0.05366617
001166.npy,0.00180275,0.999988,0.00480524,0.05367746
001167.npy,0.00219094,0.999987,0.00501936,0.05476944
001168.npy,0.00722612,0.999049,0.01064223,0.04815437
001169.npy,0.01439681,0.999421,0.02092907,0.05707165
001170.npy,0.01457498,0.999418,0.02124471,0.05814775
001171.npy,0.01540173,0.999418,0.02134516,0.06021921
001172.npy,0.00141463,0.999990,0.00390834,0.05169132
001174.npy,0.00050013,0.999995,0.00383444,0.07588897
001175.npy,0.00032267,0.999997,0.00305761,0.06077052
001176.npy,0.06133023,0.999275,0.03031959,0.14535832
001177.npy,0.02444338,0.999698,0.01147685,0.10652290
001178.npy,0.01332313,0.999763,0.01117825,0.09269169
001180.npy,0.03272281,0.999461,0.01625197,0.11422420
001183.npy,0.01641428,0.999850,0.01601499,0.08964232
001184.npy,0.02009008,0.999829,0.01620356,0.10744952
001185.npy,0.00959804,0.999920,0.01025985,0.10265873
001187.npy,0.00980595,0.999914,0.01028970,0.10434949
001188.npy,0.06213606,0.999383,0.03234363,0.10951367
001189.npy,0.04629811,0.999675,0.01285382,0.12718336
001190.npy,0.04493368,0.999677,0.01252122,0.12355340
001191.npy,0.04959288,0.999594,0.01433431,0.13008423
001192.npy,0.00059770,0.999999,0.00273929,0.03293160
001193.npy,0.00024500,0.999999,0.00251979,0.00729645
001195.npy,0.00027007,0.999999,0.00257818,0.00899781
001196.npy,0.00033585,0.999996,0.00347401,0.03497856
001197.npy,0.00562538,0.999728,0.01519707,0.02329838
001201.npy,0.00340663,0.999960,0.00890291,0.05274583
001202.npy,0.00419845,0.999958,0.00980903,0.05551693
001203.npy,0.00316834,0.999963,0.00875041,0.05023631
001204.npy,0.02307031,0.999758,0.00452404,0.11607485
001205.npy,0.01128184,0.999593,0.02326356,0.02932632
001206.npy,0.00074817,0.999990,0.00328074,0.00548853
001207.npy,0.01196981,0.999583,0.02405868,0.03054653
001208.npy,0.12165643,0.997704,0.07322120,0.09938799
001209.npy,0.03624250,0.999619,0.01685689,0.10234673
001212.npy,0.01672722,0.999784,0.01106067,0.13682905
001213.npy,0.07620476,0.999532,0.00935578,0.15880756
001215.npy,0.06931634,0.999522,0.00927494,0.15153918
001216.npy,0.02732493,0.998910,0.01994348,0.08649673
001217.npy,0.01687185,0.998871,0.01211715,0.06671747
001218.npy,0.01687505,0.998867,0.01218297,0.06620577
001220.npy,0.00466593,0.999947,0.01370592,0.02278268
001221.npy,0.00759752,0.999856,0.00982952,0.08770685
001222.npy,0.00756588,0.999856,0.00984183,0.08750287
001223.npy,0.00793724,0.999860,0.00997823,0.09317614
001224.npy,0.20216954,0.993098,0.06863598,0.15234366
001225.npy,0.00238745,0.999955,0.00960715,0.03578738
001226.npy,0.00238896,0.999955,0.00961064,0.03579665
001227.npy,0.00206996,0.999969,0.00856481,0.03364287
001229.npy,0.01209983,0.999763,0.00552616,0.13446674
001230.npy,0.01153685,0.999763,0.00536527,0.13151000
001231.npy,0.01138028,0.999780,0.00531821,0.13162149
001232.npy,0.01588406,0.999895,0.00984051,0.18135357
001234.npy,0.00054257,0.999981,0.00440387,0.06340631
001235.npy,0.00053492,0.999982,0.00429561,0.06425311
001236.npy,0.04607159,0.994001,0.01435783,0.08599795
001237.npy,0.00255657,0.999945,0.00376807,0.05675524
001239.npy,0.00272192,0.999953,0.00385031,0.05723798
001241.npy,0.04236086,0.999117,0.01422946,0.09231770
001242.npy,0.03659000,0.999226,0.01111750,0.09741121
001243.npy,0.04309948,0.999152,0.01561539,0.09255420
001244.npy,0.02256120,0.999940,0.00371201,0.11098905
001246.npy,0.00397769,0.999950,0.00666561,0.08746544
001247.npy,0.00439282,0.999950,0.00683530,0.09086625
001248.npy,0.01521320,0.999646,0.01271955,0.10253030
001250.npy,0.00417610,0.999954,0.01177981,0.04666984
001251.npy,0.00423240,0.999954,0.01175203,0.04696179
001254.npy,0.00757648,0.999988,0.00332299,0.06239189
001255.npy,0.00247128,0.999991,0.00329209,0.05345594
001256.npy,0.01679481,0.999092,0.01521790,0.05634239
001257.npy,0.00144163,0.999985,0.00390865,0.00726878
001258.npy,0.00475679,0.999957,0.00391827,0.01550660
001260.npy,0.08571629,0.998487,0.02621041,0.15265405
001261.npy,0.00104359,0.999931,0.00309698,0.03779384
001262.npy,0.00105616,0.999935,0.00306967,0.03698232
001263.npy,0.00098463,0.999924,0.00305474,0.03621316
001264.npy,0.02316679,0.999960,0.00720243,0.11732394
001265.npy,0.00292635,0.999976,0.00808272,0.03748146
001266.npy,0.00265729,0.999976,0.00770348,0.03549895
001267.npy,0.00230898,0.999958,0.00685734,0.03516420
001268.npy,0.00253651,0.999929,0.00799496,0.02724846
001269.npy,0.00012341,0.999999,0.00185414,0.02249530
001270.npy,0.00010665,0.999999,0.00171856,0.02124206
001271.npy,0.00012825,0.999999,0.00185789,0.02256107
001272.npy,0.00774029,0.999957,0.00688997,0.10980234
001273.npy,0.00581456,0.999912,0.00798145,0.10074293
001274.npy,0.00591961,0.999906,0.00794744,0.09507702
001276.npy,0.03398075,0.999612,0.01743127,0.13368462
001277.npy,0.01256099,0.999950,0.01026056,0.09238441
001280.npy,0.08157385,0.999309,0.04334464,0.17447546
001282.npy,0.09733231,0.991071,0.06134084,0.09243931
001283.npy,0.08762288,0.990750,0.05799399,0.08514869
001284.npy,0.00101232,0.999992,0.00444570,0.08128089
001285.npy,0.19254878,0.994774,0.09408008,0.11455355
001288.npy,0.00118948,0.999948,0.00609325,0.03202913
001289.npy,0.04507012,0.997479,0.02259371,0.11180599
001290.npy,0.04912044,0.997355,0.02314177,0.11367330
001291.npy,0.05153668,0.997244,0.02473457,0.11725289
001292.npy,0.01636900,0.999533,0.01824679,0.10626135
001293.npy,0.01133365,0.999132,0.01243956,0.04946524
001295.npy,0.01022749,0.999105,0.01243920,0.04654223
001297.npy,0.00070402,0.999991,0.00454523,0.04488346
001298.npy,0.00088383,0.999987,0.00492649,0.04918773
001300.npy,0.00114772,0.999993,0.00278007,0.02451123
001301.npy,0.00345292,0.999931,0.01231244,0.01959727
001302.npy,0.00336587,0.999934,0.01208433,0.01946229
001303.npy,0.00423506,0.999914,0.01356136,0.02081205
001304.npy,0.02476284,0.999876,0.01203890,0.07645393
001305.npy,0.03416524,0.999929,0.01777000,0.09457846
001306.npy,0.03664031,0.999918,0.01912142,0.10030449
001309.npy,0.02928177,0.998935,0.01297652,0.09677573
001310.npy,0.02584357,0.998958,0.01092997,0.08540182
001311.npy,0.02794976,0.998803,0.01187059,0.08945497
001312.npy,0.23838929,0.997072,0.07786800,0.18137427
001313.npy,0.12687914,0.998441,0.03154319,0.15315439
001314.npy,0.12833078,0.998385,0.03112244,0.15373492
001318.npy,0.01094639,0.999772,0.00621452,0.08315080
001319.npy,0.01317775,0.999716,0.00637969,0.09623659
001320.npy,0.00403450,0.999760,0.01143966,0.02450063
001321.npy,0.00286593,0.999398,0.00709765,0.03359859
001323.npy,0.00092954,0.999531,0.00379162,0.02373489
001325.npy,0.03671863,0.998795,0.00822233,0.10537235
001326.npy,0.04020642,0.998967,0.00922239,0.11425996
001327.npy,0.04224107,0.998785,0.01012046,0.11636053
001328.npy,0.00235364,0.999971,0.00550620,0.04347549
001329.npy,0.00164791,0.999930,0.00574986,0.03170614
001330.npy,0.00225347,0.999881,0.00657802,0.03518531
001331.npy,0.00226051,0.999881,0.00659184,0.03519166
001332.npy,0.05697857,0.999299,0.01596122,0.14579733
001333.npy,0.08217405,0.998730,0.04655071,0.09864049
001334.npy,0.08184609,0.998727,0.04737386,0.09858070
001335.npy,0.07736239,0.998865,0.04579929,0.09593429
001336.npy,0.00704421,0.999957,0.01068731,0.05895621
001337.npy,0.01052323,0.999872,0.01456699,0.07742777
001338.npy,0.01037296,0.999870,0.01448041,0.07602681
001339.npy,0.01081053,0.999864,0.01460565,0.07498637
001340.npy,0.00395268,0.999968,0.00536448,0.07645757
001341.npy,0.00074800,0.999985,0.00551466,0.02408209
001342.npy,0.00073814,0.999985,0.00548995,0.02413767
001343.npy,0.00058604,0.999987,0.00496528,0.02156953
001344.npy,0.02485441,0.999930,0.00992120,0.12081563
001345.npy,0.03834714,0.999630,0.03367757,0.09253556
001346.npy,0.03749882,0.999640,0.03348563,0.09052753
001348.npy,0.00149313,0.999966,0.00457170,0.08037726
001350.npy,0.00972052,0.999639,0.02079508,0.02991818
001352.npy,0.02822238,0.999835,0.01990848,0.09734344
001354.npy,0.00708646,0.999835,0.01646169,0.05479866
001355.npy,0.00714593,0.999820,0.01653609,0.05382543
001357.npy,0.02668288,0.999704,0.01276408,0.06899903
001358.npy,0.02639721,0.999711,0.01265696,0.06864086
001359.npy,0.02432294,0.999768,0.01327317,0.06655400
001360.npy,0.06559872,0.999449,0.01013455,0.09072389
001361.npy,0.06698141,0.998291,0.05389502,0.07012635
001364.npy,0.05062079,0.998900,0.00748639,0.13156997
001366.npy,0.05684671,0.999213,0.00476768,0.07026243
001367.npy,0.04126356,0.999398,0.00323416,0.05257227
001368.npy,0.00118118,0.999960,0.00561038,0.02407611
001369.npy,0.03684810,0.999759,0.02198285,0.12233263
001370.npy,0.03836962,0.999791,0.02160507,0.11824879
001372.npy,0.00819859,0.999918,0.00646264,0.08274542
001373.npy,0.00757715,0.999974,0.00703276,0.12460171
001374.npy,0.00767924,0.999976,0.00587862,0.12105139
001375.npy,0.00802395,0.999976,0.00631154,0.12521349
001376.npy,0.00996606,0.999982,0.00250608,0.07825312
001378.npy,0.01292349,0.999953,0.00968781,0.08888004
001380.npy,0.01591041,0.999961,0.00580760,0.05704768
001382.npy,0.04029416,0.998408,0.01292833,0.11390995
001384.npy,0.22000667,0.997558,0.03383220,0.19383934
001385.npy,0.13090792,0.999249,0.02475234,0.22842441
001386.npy,0.12900606,0.999226,0.02436199,0.22650933
001387.npy,0.12960561,0.999204,0.02423794,0.22679187
001388.npy,0.07060695,0.998755,0.02376378,0.12490379
001389.npy,0.00489511,0.999931,0.01368423,0.03346397
001390.npy,0.00481148,0.999940,0.01357462,0.03353429
001391.npy,0.00491217,0.999931,0.01380949,0.03237007
001392.npy,0.00571798,0.999904,0.01008569,0.06077753
001395.npy,0.00620553,0.999896,0.01521353,0.05913828
001397.npy,0.01245477,0.999953,0.01396322,0.07727481
001398.npy,0.01249094,0.999953,0.01397498,0.07738553
001399.npy,0.01242092,0.999953,0.01399377,0.07716226
001400.npy,0.00471006,0.999931,0.00594582,0.06256966
001401.npy,0.00088557,0.999993,0.00388497,0.03346745
001403.npy,0.00134148,0.999986,0.00495324,0.03326633
001404.npy,0.02564175,0.999860,0.01908127,0.08860368
001405.npy,0.00213141,0.999654,0.00918853,0.02495624
001406.npy,0.00165519,0.999775,0.00511864,0.01427237
001407.npy,0.00202700,0.999634,0.00903120,0.02141113
001410.npy,0.00128379,0.999752,0.00573304,0.03542353
001411.npy,0.00133901,0.999701,0.00605347,0.03831581
001412.npy,0.05493968,0.999742,0.01477784,0.15938972
001414.npy,0.06416408,0.999548,0.02469049,0.17790341
001415.npy,0.06419156,0.999548,0.02457136,0.17777510
001416.npy,0.00194295,0.999989,0.00545995,0.03176394
001417.npy,0.00970287,0.999928,0.00834179,0.07370104
001418.npy,0.01043612,0.999939,0.00886040,0.07905112
001419.npy,0.01058125,0.999928,0.00872723,0.07857536
001421.npy,0.00380722,0.999984,0.00514005,0.06077250
001422.npy,0.00244979,0.999988,0.00467880,0.05536644
001423.npy,0.00227723,0.999989,0.00451167,0.04913901
001424.npy,0.04595241,0.999771,0.01753592,0.10282167
001425.npy,0.01916432,0.999880,0.01322563,0.06526456
001426.npy,0.02264933,0.999843,0.01372787,0.07366234
001427.npy,0.01590613,0.999885,0.01219476,0.05741321
001428.npy,0.00953919,0.999905,0.00438327,0.09467346
001429.npy,0.01057797,0.999991,0.00236202,0.06224086
001430.npy,0.00940620,0.999991,0.00234462,0.05582234
001431.npy,0.01040839,0.999991,0.00238752,0.06150628
001432.npy,0.00044846,0.999993,0.00326618,0.03197522
001433.npy,0.00030753,0.999998,0.00323398,0.02091283
001435.npy,0.00030763,0.999998,0.00320572,0.02058754
001436.npy,0.00396294,0.999980,0.00616429,0.05152940
001437.npy,0.00530777,0.999921,0.00865760,0.05973199
001438.npy,0.00530030,0.999921,0.00865027,0.05970801
001439.npy,0.00562491,0.999914,0.00896381,0.05834499
001440.npy,0.00823041,0.999820,0.01188906,0.11323091
001441.npy,0.00777588,0.999887,0.01012954,0.09074341
001443.npy,0.00753456,0.999893,0.01013444,0.09009288
001444.npy,0.02358757,0.999749,0.00961953,0.12917128
001445.npy,0.00555217,0.999560,0.00218223,0.06222966
001446.npy,0.00569763,0.999570,0.00226827,0.06438607
001447.npy,0.00574310,0.999575,0.00230961,0.06533857
001449.npy,0.00213750,0.999967,0.00995058,0.02614808
001450.npy,0.00185363,0.999961,0.00901754,0.03164126
001451.npy,0.00211731,0.999966,0.00965652,0.02788861
001452.npy,0.04876065,0.999750,0.02352044,0.14046369
001453.npy,0.00106830,0.999983,0.00554951,0.05224330
001454.npy,0.00106793,0.999982,0.00559125,0.05131848
001455.npy,0.00094816,0.999978,0.00548973,0.04132254
001456.npy,0.02190936,0.999766,0.00944701,0.12118635
001457.npy,0.04269649,0.999349,0.01214729,0.14050950
001458.npy,0.03835847,0.999385,0.01108901,0.13429889
001459.npy,0.04125410,0.999371,0.01192379,0.13501385
001460.npy,0.03374581,0.999263,0.02190458,0.09358933
001461.npy,0.02182758,0.999935,0.00225892,0.04988658
001462.npy,0.03063217,0.999845,0.01082866,0.07838003
001463.npy,0.02644464,0.999893,0.00418947,0.06532383
001464.npy,0.03480364,0.999688,0.01413788,0.10763933
001466.npy,0.00203501,0.999987,0.00477986,0.04190586
001467.npy,0.00200087,0.999988,0.00483517,0.04325670
001468.npy,0.00302027,0.999811,0.00738173,0.06897721
001469.npy,0.01119902,0.999894,0.00558057,0.08146044
001470.npy,0.02092679,0.999815,0.00661304,0.08973543
001471.npy,0.00994229,0.999920,0.00524998,0.09098322
001472.npy,0.00096156,0.999994,0.00422498,0.03553315
001473.npy,0.01300352,0.999715,0.02451328,0.03437361
001474.npy,0.00706904,0.999870,0.01789782,0.02747607
001475.npy,0.01254771,0.999714,0.02403930,0.03396437
001476.npy,0.02870061,0.999516,0.01067197,0.11892794
001477.npy,0.00722139,0.999857,0.00641889,0.08393194
001478.npy,0.00722390,0.999855,0.00632132,0.08382471
001479.npy,0.00637251,0.999847,0.00623898,0.07721247
001480.npy,0.04502860,0.998480,0.02242713,0.07518996
001481.npy,0.00263050,0.999989,0.00608590,0.08836599
001482.npy,0.00246004,0.999989,0.00614126,0.08497259
001483.npy,0.00241641,0.999989,0.00612314,0.08798606
001484.npy,0.00184846,0.999990,0.00317956,0.06237903
001485.npy,0.00086374,0.999995,0.00328992,0.04022765
001486.npy,0.00060765,0.999993,0.00334139,0.04032329
001487.npy,0.00113131,0.999994,0.00338705,0.04431048
001488.npy,0.01252690,0.999954,0.01105129,0.10457074
001489.npy,0.04669005,0.999767,0.02338365,0.17958440
001490.npy,0.04092952,0.999780,0.02182143,0.17380363
001491.npy,0.04182512,0.999789,0.02190271,0.17831203
001492.npy,0.02150917,0.999519,0.00648578,0.12443353
001493.npy,0.00227766,0.999993,0.00281620,0.03493175
001494.npy,0.00236133,0.999995,0.00285105,0.03443342
001495.npy,0.00236663,0.999995,0.00285700,0.03449548
001496.npy,0.00657987,0.999917,0.00386090,0.05634018
001497.npy,0.00591185,0.999933,0.00343081,0.05708849
001498.npy,0.00410479,0.999952,0.00328658,0.05056679
001500.npy,0.01632692,0.999401,0.02757502,0.05480848
001501.npy,0.00516915,0.999916,0.00967593,0.05568221
001502.npy,0.00464685,0.999929,0.00923768,0.04985739
001503.npy,0.00514801,0.999920,0.00972688,0.05533870
001504.npy,0.02568528,0.999328,0.02787264,0.07780896
001506.npy,0.02166363,0.998288,0.02812961,0.06591258
001509.npy,0.14047784,0.997300,0.06028899,0.15791695
001510.npy,0.14034120,0.997300,0.06024709,0.15784825
001511.npy,0.14029055,0.997302,0.06043662,0.15783055
001512.npy,0.00625069,0.999886,0.00575741,0.03121383
001514.npy,0.03129804,0.995181,0.02062564,0.07921341
001516.npy,0.03239599,0.999661,0.01621450,0.13375904
001517.npy,0.00329495,0.999737,0.01219965,0.06953578
001518.npy,0.00382807,0.999700,0.01311472,0.09078185
001519.npy,0.00381946,0.999695,0.01304795,0.09210656
001520.npy,0.00271770,0.999976,0.00696933,0.08970799
001521.npy,0.00356252,0.999923,0.00888772,0.08610553
001522.npy,0.00352101,0.999924,0.00881930,0.08645237
001523.npy,0.00355078,0.999921,0.00885619,0.08624065
001525.npy,0.00078323,0.999929,0.00531763,0.02940881
001529.npy,0.00714156,0.999643,0.01529288,0.04366718
001533.npy,0.01808637,0.999648,0.00669256,0.06261893
001535.npy,0.01579599,0.999684,0.00628186,0.05490561
001536.npy,0.03119287,0.999489,0.01133928,0.11815313
001537.npy,0.00203083,0.999948,0.00500704,0.05051814
001538.npy,0.00184256,0.999922,0.00512570,0.04778827
001539.npy,0.00183985,0.999922,0.00513475,0.04777195
001541.npy,0.00959864,0.999973,0.00435074,0.06195964
001542.npy,0.00696385,0.999982,0.00390766,0.05556450
001543.npy,0.00724437,0.999981,0.00385648,0.05523906
001546.npy,0.00532733,0.999649,0.00687335,0.04966374
001547.npy,0.00479048,0.999563,0.00730519,0.04655031
001551.npy,0.00648032,0.999911,0.00393511,0.04938356
001554.npy,0.01938017,0.999871,0.01122172,0.08456841
001555.npy,0.02109985,0.999819,0.01144738,0.08924903
001557.npy,0.13727622,0.998171,0.06236208,0.14727770
001558.npy,0.16757360,0.997895,0.07031860,0.16225488
001559.npy,0.14619947,0.997795,0.06495678,0.15317203
001560.npy,0.01390246,0.999753,0.00605874,0.09495541
001562.npy,0.01918453,0.999918,0.00771209,0.12935787
001563.npy,0.01911522,0.999919,0.00778992,0.12915477
001565.npy,0.00626304,0.999979,0.00529063,0.10509639
001566.npy,0.00580398,0.999981,0.00501270,0.10264905
001567.npy,0.00471420,0.999986,0.00454742,0.10866501
001568.npy,0.01158719,0.998507,0.02121940,0.05188726
001570.npy,0.01975721,0.997092,0.02835079,0.05121031
001571.npy,0.02037470,0.997226,0.02853105,0.05435723
001574.npy,0.08287879,0.999101,0.03370838,0.16062425
001575.npy,0.08815595,0.998820,0.03559936,0.15667635
001577.npy,0.00248970,0.999526,0.00523122,0.02837194
001580.npy,0.00079687,0.999945,0.00470742,0.03131156
001581.npy,0.00093973,0.999945,0.00467451,0.04647063
001582.npy,0.00100892,0.999951,0.00484076,0.05103030
001583.npy,0.00179995,0.999942,0.00638965,0.05750991
001585.npy,0.04456131,0.999279,0.01983467,0.11459893
001586.npy,0.04324216,0.999236,0.01746177,0.11136718
001587.npy,0.04363511,0.999252,0.01771301,0.11082107
001588.npy,0.00644819,0.999843,0.01746074,0.03431796
001589.npy,0.04405586,0.999529,0.01175755,0.14193964
001590.npy,0.05374832,0.999523,0.01145534,0.16531357
001591.npy,0.05085301,0.999528,0.01148326,0.15986308
001592.npy,0.01674960,0.999897,0.01779274,0.08626686
001593.npy,0.01775040,0.999906,0.02163584,0.05385041
001597.npy,0.01724725,0.999813,0.00940268,0.05396418
001598.npy,0.02127739,0.999748,0.01184813,0.05748348
001599.npy,0.01582201,0.999848,0.00862464,0.04829324
001600.npy,0.00773146,0.999621,0.01266705,0.03908218
001601.npy,0.01559896,0.999589,0.01250616,0.08758841
001603.npy,0.01578221,0.999591,0.01274836,0.08748920
001604.npy,0.00520206,0.999835,0.00964556,0.06608173
001605.npy,0.06085768,0.999963,0.01190755,0.24839729
001606.npy,0.05884882,0.999962,0.01137301,0.24297270
001607.npy,0.05886866,0.999962,0.01137120,0.24298573
001608.npy,0.01339576,0.999911,0.00467387,0.11970700
001609.npy,0.00433391,0.999971,0.00756659,0.09138065
001611.npy,0.00557156,0.999961,0.00820960,0.10037057
001612.npy,0.00237655,0.999936,0.01008315,0.02185628
001613.npy,0.01496477,0.999139,0.01025428,0.07861544
001614.npy,0.01030388,0.999236,0.00943928,0.08364926
001615.npy,0.00993805,0.999232,0.00920525,0.08291902
001617.npy,0.00270925,0.999932,0.00521832,0.03786112
001618.npy,0.00453339,0.999919,0.00969804,0.04731200
001619.npy,0.00283558,0.999935,0.00538014,0.04140105
001620.npy,0.00545292,0.999925,0.00580351,0.07225670
001622.npy,0.00385893,0.999970,0.00713131,0.06737580
001624.npy,0.03809783,0.999708,0.01145939,0.14558101
001625.npy,0.02509283,0.999930,0.00941417,0.12800147
001627.npy,0.02288988,0.999927,0.00908077,0.12615794
001628.npy,0.00242330,0.999989,0.00545368,0.05701198
001629.npy,0.00919747,0.999898,0.00987405,0.12340657
001631.npy,0.00845716,0.999905,0.00994355,0.12249550
001632.npy,0.03241358,0.999643,0.01786048,0.14004636
001634.npy,0.01572105,0.999419,0.02777058,0.05143818
001635.npy,0.00159817,0.999986,0.00654486,0.02077426
001636.npy,0.05995548,0.999869,0.00495292,0.16723064
001637.npy,0.04923823,0.998986,0.00964121,0.12001948
001638.npy,0.06694660,0.997707,0.01339427,0.13081825
001639.npy,0.06239181,0.998223,0.01196747,0.12940052
001640.npy,0.01553034,0.998755,0.01090172,0.03331804
001641.npy,0.00360551,0.999740,0.00916167,0.03667640
001642.npy,0.00714256,0.999704,0.01199446,0.05043775
001643.npy,0.00236475,0.999750,0.00716778,0.02929858
001644.npy,0.00501736,0.999954,0.00547429,0.08974963
001645.npy,0.00353958,0.999938,0.00359569,0.07577609
001646.npy,0.00355620,0.999939,0.00353726,0.07597697
001647.npy,0.00485861,0.999947,0.00405958,0.10487482
001648.npy,0.03919160,0.999616,0.01540432,0.14421491
001650.npy,0.00570665,0.999754,0.00921951,0.06480778
001651.npy,0.00576348,0.999731,0.00935777,0.06524473
001652.npy,0.00077207,0.999985,0.00410503,0.03402612
001653.npy,0.00757819,0.999935,0.01202821,0.05468461
001654.npy,0.00672547,0.999931,0.01061031,0.05589794
001655.npy,0.00704529,0.999931,0.01095910,0.05685715
001656.npy,0.00239397,0.999993,0.00327960,0.05817127
001657.npy,0.00514944,0.999963,0.00770921,0.09691417
001659.npy,0.00483048,0.999964,0.00734871,0.09677842
001660.npy,0.00378242,0.999947,0.00527528,0.04639072
001662.npy,0.00079747,0.999993,0.00384595,0.11315558
001663.npy,0.00084396,0.999991,0.00424190,0.12284612
001664.npy,0.04304729,0.999709,0.02454653,0.15047070
001665.npy,0.03236441,0.999756,0.02162913,0.11212227
001666.npy,0.02723075,0.999798,0.02005929,0.10069297
001667.npy,0.02855528,0.999779,0.01853884,0.11075419
001668.npy,0.05286366,0.999873,0.01759433,0.15953524
001670.npy,0.06337136,0.999841,0.03533624,0.08716985
001671.npy,0.04675864,0.999836,0.03096685,0.07515164
001673.npy,0.00222453,0.999828,0.00673389,0.06328706
001674.npy,0.00309881,0.999799,0.00766053,0.06649342
001675.npy,0.00272125,0.999810,0.00721959,0.06650333
001676.npy,0.04281140,0.999416,0.00720481,0.13049416
001677.npy,0.00890083,0.999725,0.00625180,0.05017621
001678.npy,0.01212226,0.999592,0.00650604,0.05385861
001680.npy,0.00569838,0.999974,0.00470352,0.04721572
001681.npy,0.00377671,0.999961,0.00589776,0.13235255
001682.npy,0.00376354,0.999961,0.00589729,0.13235377
001683.npy,0.00707905,0.999959,0.00601437,0.14505087
001684.npy,0.02032766,0.999460,0.01137448,0.08249063
001685.npy,0.00030447,0.999996,0.00348857,0.06079970
001686.npy,0.00029971,0.999996,0.00350562,0.05816219
001687.npy,0.00029366,0.999996,0.00340286,0.06090451
001688.npy,0.01850748,0.999944,0.01185955,0.09649727
001689.npy,0.00959629,0.999760,0.01960424,0.05165736
001690.npy,0.01036340,0.999778,0.02058459,0.05596156
001691.npy,0.01040423,0.999772,0.02061436,0.05565223
001692.npy,0.00395933,0.999927,0.00610603,0.09757248
001693.npy,0.01277680,0.999918,0.00599637,0.10815178
001694.npy,0.01340792,0.999908,0.00612648,0.10867721
001695.npy,0.01760700,0.999840,0.00629706,0.11103468
001696.npy,0.00897326,0.999892,0.00218815,0.05465075
001698.npy,0.01809324,0.996356,0.02527698,0.03565350
001699.npy,0.03810264,0.996720,0.03688078,0.05325896
001700.npy,0.00258260,0.999896,0.00870434,0.09749446
001701.npy,0.00439713,0.999719,0.01007885,0.08877467
001702.npy,0.00423722,0.999688,0.01139618,0.07935184
001703.npy,0.00520826,0.999699,0.01199910,0.09298912
001704.npy,0.01530059,0.999873,0.00589010,0.08830500
001705.npy,0.00074050,0.999979,0.00567615,0.04989810
001706.npy,0.00068504,0.999981,0.00544040,0.04283207
001707.npy,0.00067407,0.999982,0.00546176,0.04024086
001708.npy,0.02223778,0.999935,0.01092766,0.07548754
001710.npy,0.00686954,0.999906,0.00334702,0.03511392
001711.npy,0.00837226,0.999893,0.00358031,0.04303727
001712.npy,0.01217894,0.999956,0.00613621,0.10857229
001713.npy,0.01155762,0.999946,0.00488431,0.08668146
001714.npy,0.01144081,0.999948,0.00466643,0.08562507
001715.npy,0.01164293,0.999947,0.00484558,0.08757180
001716.npy,0.00911365,0.999988,0.00340048,0.10537776
001718.npy,0.00221769,0.999974,0.00715507,0.04396325
001719.npy,0.00217596,0.999976,0.00723100,0.04360627
001721.npy,0.00706802,0.999912,0.01082349,0.09473468
001722.npy,0.00918732,0.999917,0.01278826,0.10721905
001723.npy,0.00736175,0.999915,0.01083772,0.09605415
001724.npy,0.01072551,0.999764,0.01152305,0.06221285
001725.npy,0.01980072,0.999895,0.01423166,0.11389120
001727.npy,0.02314672,0.999887,0.01254561,0.12573904
001729.npy,0.11049531,0.998918,0.04148135,0.15409978
001730.npy,0.12873096,0.998606,0.04752458,0.16139805
001731.npy,0.12782850,0.998621,0.04712899,0.16124260
001738.npy,0.00490739,0.999904,0.00965373,0.10409488
001739.npy,0.00530728,0.999921,0.01048976,0.10518751
001740.npy,0.01050398,0.999356,0.01322912,0.04568900
001741.npy,0.00859824,0.999608,0.00487390,0.04856411
001743.npy,0.00864413,0.999605,0.00489671,0.04867228
001744.npy,0.09413430,0.997894,0.03962470,0.12270347
001747.npy,0.13554594,0.997986,0.02414257,0.09785373
001748.npy,0.04727693,0.999052,0.02475096,0.12018906
001749.npy,0.01246879,0.999932,0.01163706,0.07701223
001750.npy,0.01083989,0.999933,0.01165403,0.07227694
001751.npy,0.01114984,0.999940,0.01113574,0.07154021
001752.npy,0.00171809,0.999983,0.00669445,0.00864627
001754.npy,0.08426457,0.998547,0.00806042,0.08824436
001757.npy,0.00133367,0.999933,0.00709182,0.04588407
001758.npy,0.00133219,0.999933,0.00705235,0.04653419
001759.npy,0.00133226,0.999941,0.00716195,0.04430889
001760.npy,0.00578990,0.999938,0.00701196,0.04137268
001761.npy,0.03298033,0.998036,0.02365827,0.07838366
001762.npy,0.06070992,0.997770,0.03340203,0.10413651
001763.npy,0.02643854,0.998461,0.02167700,0.07103619
001764.npy,0.03035710,0.999352,0.03554978,0.05586571
001765.npy,0.02346998,0.999331,0.03255315,0.03812910
001766.npy,0.02306948,0.999369,0.03272422,0.03758609
001767.npy,0.02277494,0.999370,0.03236076,0.03762874
001768.npy,0.00178321,0.999989,0.00558242,0.02718932
001769.npy,0.00336506,0.999944,0.01096656,0.07169290
001770.npy,0.00343622,0.999945,0.01105432,0.07266887
001771.npy,0.00238702,0.999976,0.00811346,0.05779780
001772.npy,0.05988343,0.999521,0.03084655,0.16330117
001773.npy,0.03480333,0.995620,0.01328422,0.05775677
001774.npy,0.03564304,0.995602,0.01379387,0.05921983
001776.npy,0.11418688,0.999316,0.02290310,0.17556459
001777.npy,0.04012715,0.999817,0.01440028,0.16178793
001778.npy,0.04337812,0.999777,0.01515006,0.17023380
001779.npy,0.04954967,0.999755,0.01706225,0.17732479
001780.npy,0.00629062,0.999971,0.01018246,0.03554931
001781.npy,0.04239855,0.999155,0.04450781,0.05532579
001782.npy,0.03559320,0.999145,0.04187923,0.05003470
001783.npy,0.03830436,0.999178,0.04271449,0.05186546
001784.npy,0.01396830,0.999800,0.00881127,0.09355792
001785.npy,0.01733147,0.999929,0.00677124,0.13323523
001787.npy,0.01709054,0.999930,0.00676118,0.13292207
001788.npy,0.00653379,0.999929,0.00653690,0.10533160
001789.npy,0.01427874,0.999936,0.01431511,0.10039542
001790.npy,0.01820114,0.999904,0.01608176,0.11040550
001791.npy,0.01718507,0.999914,0.01607325,0.10734677
001792.npy,0.06348916,0.996285,0.04015009,0.07986321
001794.npy,0.05560345,0.999615,0.02568019,0.11854662
001795.npy,0.05927139,0.999606,0.02577939,0.12294298
001796.npy,0.00441029,0.999725,0.00710045,0.04932979
001797.npy,0.01297109,0.999915,0.00649848,0.08864319
001798.npy,0.02228353,0.999676,0.01015540,0.10065619
001799.npy,0.01366637,0.999910,0.00676929,0.09130291
001800.npy,0.00135705,0.999975,0.00461626,0.05667740
001801.npy,0.00096943,0.999944,0.00622059,0.02173445
001803.npy,0.00080523,0.999947,0.00563612,0.01988744
001804.npy,0.00126609,0.999995,0.00400593,0.03675202
001805.npy,0.01127741,0.999947,0.00954569,0.10141419
001806.npy,0.01138594,0.999944,0.00930307,0.10049294
001807.npy,0.01118832,0.999942,0.00903032,0.09833127
001808.npy,0.00431608,0.999993,0.00334949,0.12590110
001811.npy,0.00092003,0.999914,0.00228522,0.03148883
001812.npy,0.01653564,0.999812,0.00787211,0.09365414
001813.npy,0.01897593,0.999915,0.00916469,0.15451483
001814.npy,0.02086191,0.999911,0.00959307,0.15612756
001816.npy,0.00847997,0.999928,0.00953567,0.11689387
001817.npy,0.00539854,0.999698,0.00920909,0.04938393
001818.npy,0.00471669,0.999771,0.00942388,0.06330791
001819.npy,0.00618824,0.999734,0.01070671,0.06006333
001820.npy,0.04032953,0.999840,0.01441436,0.14022823
001821.npy,0.04168053,0.999750,0.01368164,0.13026090
001822.npy,0.04913875,0.999718,0.01471846,0.13322341
001823.npy,0.03882697,0.999839,0.01081578,0.11738634
001825.npy,0.00053968,0.999655,0.00354734,0.01122655
001826.npy,0.00047252,0.999255,0.00364925,0.00809699
001828.npy,0.01338894,0.999732,0.01360722,0.04054074
001829.npy,0.01683852,0.999962,0.00449773,0.12746465
001830.npy,0.01612896,0.999961,0.00458469,0.13091181
001831.npy,0.01661578,0.999966,0.00461683,0.13057864
001832.npy,0.07744633,0.998662,0.04411116,0.13475628
001833.npy,0.02501803,0.999085,0.01496485,0.12239145
001834.npy,0.02595892,0.999065,0.01522569,0.12460220
001835.npy,0.02926232,0.999001,0.01704503,0.13122287
001837.npy,0.02219839,0.999469,0.01041711,0.08642237
001838.npy,0.02226918,0.999467,0.01049797,0.08655430
001839.npy,0.02737927,0.999506,0.00961354,0.10562596
001840.npy,0.02053322,0.999861,0.00491392,0.08241826
001843.npy,0.00503073,0.999907,0.00812230,0.04566908
001844.npy,0.00734927,0.999968,0.00998027,0.07795800
001845.npy,0.00521763,0.999484,0.01210333,0.04102737
001846.npy,0.00560021,0.999459,0.01225730,0.04245207
001847.npy,0.00594026,0.999494,0.01305902,0.04383666
001848.npy,0.15432285,0.995829,0.02515493,0.17869976
001849.npy,0.00407728,0.999946,0.01098036,0.04175840
001850.npy,0.00427255,0.999944,0.01127708,0.04278789
001851.npy,0.00464118,0.999902,0.01160326,0.04951014
001852.npy,0.00602600,0.999965,0.00673305,0.03584854
001853.npy,0.00271450,0.999979,0.00629988,0.06710891
001854.npy,0.00185237,0.999983,0.00537377,0.06777921
001855.npy,0.00215915,0.999983,0.00566321,0.06935574
001857.npy,0.00047823,0.999989,0.00386900,0.03769712
001858.npy,0.00103978,0.999985,0.00657793,0.05120653
001859.npy,0.00044318,0.999988,0.00388158,0.03165385
001860.npy,0.00311731,0.999913,0.01040153,0.02692540
001862.npy,0.01095430,0.999710,0.02053420,0.03681738
001863.npy,0.01157372,0.999694,0.02121890,0.03704770
001864.npy,0.05745127,0.999087,0.03029504,0.12040262
001865.npy,0.00277279,0.999899,0.01120463,0.03763782
001866.npy,0.00249750,0.999910,0.01068888,0.03603204
001867.npy,0.00257159,0.999910,0.01075540,0.03788023
001868.npy,0.00170156,0.999989,0.00472588,0.09635504
001869.npy,0.00128670,0.999990,0.00450998,0.06863063
001870.npy,0.00172039,0.999989,0.00472065,0.07125044
001871.npy,0.00134925,0.999990,0.00450187,0.06844784
001872.npy,0.13434145,0.996680,0.05000177,0.15548627
001873.npy,0.07920684,0.994671,0.03128478,0.12226868
001874.npy,0.07977945,0.994802,0.03137722,0.12294216
001875.npy,0.09058109,0.994373,0.03600975,0.12900801
001876.npy,0.01146815,0.999892,0.00938990,0.08106566
001879.npy,0.00221645,0.999906,0.00987254,0.02888942
001881.npy,0.00620664,0.999955,0.01156755,0.11343864
001882.npy,0.00591358,0.999959,0.01095833,0.11387562
001883.npy,0.00595207,0.999959,0.01104392,0.11349934
001884.npy,0.00112588,0.999996,0.00200830,0.00620195
001886.npy,0.00690944,0.999975,0.00175445,0.01534474
001887.npy,0.00680815,0.999977,0.00175103,0.01329679
001888.npy,0.03757677,0.999099,0.01150053,0.12402350
001889.npy,0.00147135,0.999977,0.00690565,0.04976999
001890.npy,0.00158176,0.999973,0.00735360,0.05200066
001891.npy,0.00145760,0.999977,0.00688083,0.04911514
001892.npy,0.02087264,0.999923,0.00243931,0.04638662
001893.npy,0.04014021,0.999367,0.00797803,0.09295491
001894.npy,0.03684266,0.999355,0.00770623,0.08363744
001895.npy,0.03337619,0.999393,0.00724354,0.07733002
001898.npy,0.03189037,0.998876,0.03978584,0.04499455
001899.npy,0.03425527,0.998909,0.04052493,0.04684840
001903.npy,0.00071084,0.999985,0.00386040,0.06873784
001904.npy,0.00697476,0.999963,0.00587038,0.08468942
001905.npy,0.00287038,0.999996,0.00290108,0.07764147
001906.npy,0.00179758,0.999998,0.00271350,0.05784666
001907.npy,0.00163819,0.999998,0.00259259,0.05177106
001908.npy,0.16558702,0.998294,0.05741924,0.14528582
001909.npy,0.00352114,0.999925,0.00461238,0.05675939
001910.npy,0.00644855,0.999853,0.00522623,0.06499957
001912.npy,0.06057627,0.999234,0.03976692,0.18325818
001913.npy,0.03528442,0.997777,0.03139406,0.10275245
001914.npy,0.03560169,0.997775,0.03130967,0.10423694
001916.npy,0.04525510,0.999855,0.02753325,0.12639327
001917.npy,0.01884202,0.999690,0.01448280,0.09461213
001918.npy,0.01474081,0.999694,0.01272521,0.08246646
001919.npy,0.01837683,0.999740,0.01405709,0.09735061
001920.npy,0.00263961,0.999904,0.00570094,0.08673324
001921.npy,0.02840850,0.999799,0.01126600,0.10080440
001922.npy,0.02532877,0.999850,0.01006268,0.09814480
001923.npy,0.02525992,0.999850,0.01006072,0.09800261
001924.npy,0.00850924,0.999937,0.00893697,0.11151301
001925.npy,0.08873580,0.998869,0.06824328,0.07003310
001926.npy,0.07351737,0.999100,0.06309152,0.06281483
001927.npy,0.07849601,0.999021,0.06390915,0.06668399
001928.npy,0.05313053,0.999371,0.02320321,0.11187805
001929.npy,0.02440499,0.999533,0.02404304,0.09971651
001930.npy,0.02442813,0.999535,0.02400253,0.09976128
001931.npy,0.02452231,0.999544,0.02383146,0.09955467
001932.npy,0.00847442,0.999913,0.00462154,0.05854980
001933.npy,0.01831596,0.999539,0.02880582,0.03804634
001934.npy,0.01963766,0.999498,0.02978130,0.03924978
001935.npy,0.01439700,0.999697,0.02559207,0.03373207
001936.npy,0.00557908,0.999966,0.00733538,0.05452490
001937.npy,0.05115675,0.998443,0.05084761,0.05390758
001938.npy,0.03810527,0.998863,0.04308617,0.04676327
001939.npy,0.03817921,0.998820,0.04334864,0.04673518
001943.npy,0.04281263,0.997243,0.02464573,0.09383506
001944.npy,0.01150923,0.999894,0.00940519,0.08616741
001945.npy,0.02592800,0.999592,0.01384956,0.09776962
001946.npy,0.02513132,0.999638,0.01322687,0.09383437
001947.npy,0.03028660,0.999453,0.01507799,0.10065121
001948.npy,0.02929558,0.999745,0.01473295,0.09270310
001953.npy,0.00293242,0.999223,0.00275468,0.02649884
001955.npy,0.00492658,0.999327,0.00302637,0.03282210
001957.npy,0.01355428,0.999473,0.02573103,0.03780196
001958.npy,0.01322591,0.999390,0.02523309,0.03682026
001959.npy,0.01356484,0.999486,0.02534017,0.03727462
001960.npy,0.00455697,0.999958,0.00623384,0.06005091
001961.npy,0.00393697,0.999981,0.00355522,0.06317919
001962.npy,0.00469553,0.999961,0.00372784,0.06851198
001963.npy,0.00355959,0.999974,0.00357110,0.05521918
001964.npy,0.02691786,0.999899,0.01879710,0.11102781
001965.npy,0.00752607,0.999943,0.01274709,0.10665858
001966.npy,0.00596974,0.999951,0.01192585,0.09820808
001968.npy,0.00112588,0.999980,0.00546272,0.03080215
001971.npy,0.00909642,0.999895,0.01700512,0.04068558
001972.npy,0.09765669,0.998227,0.01594021,0.17536901
001973.npy,0.06974932,0.997693,0.00691259,0.09296253
001974.npy,0.06174352,0.997752,0.00668704,0.08513993
001975.npy,0.04877719,0.997912,0.00611017,0.07102954
001976.npy,0.16982576,0.999873,0.00740718,0.20277372
001977.npy,0.10867361,0.998159,0.06836901,0.08323526
001978.npy,0.10097211,0.998211,0.06523765,0.08025818
001979.npy,0.10806575,0.998071,0.06844196,0.08318660
001980.npy,0.00873635,0.999872,0.00367585,0.08249459
001981.npy,0.00795469,0.999979,0.00565073,0.15635900
001982.npy,0.00807386,0.999978,0.00572954,0.16138853
001983.npy,0.00769852,0.999980,0.00551920,0.14992271
001984.npy,0.00319247,0.999968,0.00796439,0.05780266
001985.npy,0.00137414,0.999983,0.00679752,0.04720888
001986.npy,0.00116303,0.999985,0.00632869,0.04437985
001988.npy,0.00227551,0.999994,0.00290363,0.02642081
001990.npy,0.00044172,0.999991,0.00346622,0.03605268
001991.npy,0.00041100,0.999992,0.00340414,0.03483338
001993.npy,0.03384100,0.999488,0.02245532,0.10304746
001995.npy,0.03575796,0.999492,0.02316557,0.10869453
001996.npy,0.00906671,0.999850,0.01546722,0.17626812
001998.npy,0.00836513,0.999580,0.01653735,0.08791800
001999.npy,0.00839914,0.999598,0.01685871,0.08403211
002002.npy,0.01568738,0.999515,0.02553928,0.03868605
002003.npy,0.01584645,0.999473,0.02582488,0.03869674
002004.npy,0.01155465,0.999358,0.02319672,0.03432086
002005.npy,0.03210319,0.996464,0.01369933,0.09555069
002006.npy,0.04347805,0.995730,0.01857394,0.10409277
002007.npy,0.03212821,0.996466,0.01367596,0.09559429
002008.npy,0.01800078,0.999918,0.00600039,0.07282653
002009.npy,0.00537473,0.999969,0.00902928,0.04095973
002010.npy,0.00488323,0.999938,0.01217435,0.04088837
002012.npy,0.01089469,0.999947,0.00886424,0.11426809
002013.npy,0.00163681,0.999988,0.00401066,0.09479339
002014.npy,0.00178410,0.999984,0.00403894,0.09567733
002016.npy,0.00314601,0.999965,0.00683860,0.04559336
002017.npy,0.02088824,0.999939,0.00980421,0.12338138
002018.npy,0.02520967,0.999938,0.01012317,0.12699175
002019.npy,0.02516125,0.999941,0.00984641,0.12404072
002020.npy,0.00634810,0.999924,0.00751843,0.09658819
002021.npy,0.00708044,0.999967,0.01047785,0.09606439
002022.npy,0.00779322,0.999963,0.01136718,0.09209061
002023.npy,0.00696490,0.999964,0.01078084,0.09185126
002024.npy,0.12521286,0.998832,0.03475277,0.15251388
002025.npy,0.00746726,0.999953,0.00877220,0.03764989
002026.npy,0.00811876,0.999946,0.00947213,0.04876302
002027.npy,0.00882920,0.999951,0.01003199,0.05280623
002028.npy,0.09369857,0.998340,0.03793338,0.12197527
002029.npy,0.00699084,0.999913,0.01333352,0.05900292
002030.npy,0.00620321,0.999940,0.01200657,0.05775994
002031.npy,0.00445413,0.999956,0.01064589,0.04865053
002032.npy,0.06190377,0.998386,0.03258567,0.12069498
002033.npy,0.02568494,0.998000,0.01475958,0.07511080
002034.npy,0.02629249,0.997892,0.01413109,0.07559112
002036.npy,0.00230434,0.999948,0.00988498,0.02918067
002037.npy,0.02302382,0.999299,0.03113834,0.04042746
002038.npy,0.04038412,0.999122,0.04069255,0.05462684
002039.npy,0.02558038,0.999206,0.03258851,0.04259979
002040.npy,0.09405456,0.999321,0.03174524,0.14149560
002041.npy,0.19609368,0.998609,0.06710841,0.17566489
002045.npy,0.07043862,0.998689,0.01156008,0.10465342
002047.npy,0.05637394,0.998851,0.00418376,0.07179453
002048.npy,0.01633945,0.999122,0.00381580,0.07559713
002049.npy,0.00194407,0.999838,0.00542426,0.03793294
002050.npy,0.00188623,0.999839,0.00532807,0.03766083
002052.npy,0.02043351,0.999889,0.00440403,0.09705377
002053.npy,0.02106799,0.999798,0.01483743,0.12772807
002054.npy,0.02060878,0.999814,0.01453526,0.13775481
002055.npy,0.02046746,0.999813,0.01448106,0.13761397
002056.npy,0.00537833,0.999962,0.00324028,0.08026905
002057.npy,0.00642275,0.999974,0.00410757,0.10034518
002058.npy,0.00615958,0.999969,0.00385180,0.09274001
002059.npy,0.00620308,0.999970,0.00382424,0.09307701
002060.npy,0.02116418,0.999922,0.01087242,0.17328145
002062.npy,0.00519391,0.999941,0.01017148,0.05637027
002063.npy,0.00450472,0.999946,0.00964748,0.05423936
002065.npy,0.04783144,0.999377,0.03150730,0.17238513
002066.npy,0.04764450,0.999416,0.03006350,0.16885917
002068.npy,0.02877875,0.999614,0.01435103,0.09957344
002069.npy,0.00122684,0.999633,0.00720554,0.04335918
002070.npy,0.00122801,0.999635,0.00726918,0.04339064
002071.npy,0.00119326,0.999594,0.00718296,0.04163012
002072.npy,0.06809970,0.999235,0.03072605,0.16279073
002073.npy,0.09966216,0.999372,0.03481787,0.19731770
002074.npy,0.09967007,0.999371,0.03526736,0.19673014
002075.npy,0.10829203,0.999334,0.03661159,0.20285475
002076.npy,0.00620392,0.999979,0.00883838,0.08565322
002077.npy,0.02152171,0.999666,0.01575516,0.15196067
002078.npy,0.02248814,0.999653,0.01602776,0.15380044
002079.npy,0.02179225,0.999660,0.01575025,0.15230395
002081.npy,0.01417107,0.999757,0.02551133,0.02948568
002083.npy,0.01393514,0.999762,0.02577217,0.02927839
002084.npy,0.00095333,0.999983,0.00570825,0.06592673
002086.npy,0.00743652,0.999946,0.01129354,0.06671021
002088.npy,0.03075025,0.999399,0.01957447,0.11076871
002089.npy,0.00220393,0.999890,0.01031714,0.02951441
002090.npy,0.00368370,0.999877,0.01333686,0.03387338
002091.npy,0.00230592,0.999816,0.01049871,0.02465128
002092.npy,0.03040795,0.999804,0.01483204,0.13585378
002093.npy,0.00128749,0.999983,0.00552514,0.09186124
002095.npy,0.00129263,0.999983,0.00554838,0.09209023
002096.npy,0.01645269,0.999628,0.01241330,0.09212108
002098.npy,0.00904964,0.999837,0.02004092,0.03962016
002099.npy,0.01007070,0.999779,0.02145595,0.03897441
002100.npy,0.01607853,0.999562,0.02640499,0.03766455
002101.npy,0.00289466,0.999975,0.00680476,0.09912170
002103.npy,0.00233534,0.999981,0.00618908,0.10044406
002105.npy,0.00343906,0.999965,0.01193549,0.02582854
002107.npy,0.00842766,0.999903,0.01872088,0.03485433
002108.npy,0.02183485,0.999489,0.02959806,0.04251485
002109.npy,0.01525419,0.999880,0.00796519,0.09205856
002110.npy,0.01577099,0.999882,0.00843173,0.09703777
002112.npy,0.00425799,0.999957,0.00584349,0.10954499
002113.npy,0.00257030,0.999979,0.00520264,0.08473212
002114.npy,0.00260974,0.999978,0.00514331,0.08474715
002115.npy,0.00286310,0.999977,0.00526779,0.08798212
002116.npy,0.00238399,0.999955,0.00883425,0.05771603
002117.npy,0.08328100,0.999105,0.03802100,0.14177741
002118.npy,0.08493416,0.999084,0.03979724,0.14223911
002119.npy,0.09638275,0.998970,0.04228880,0.15255621
002120.npy,0.01730242,0.999561,0.01091565,0.10118774
002122.npy,0.00645129,0.999826,0.01345490,0.07537827
002123.npy,0.00692914,0.999839,0.01368360,0.07203719
002124.npy,0.06988259,0.999855,0.02589383,0.17864117
002125.npy,0.08311117,0.999165,0.03602427,0.17201813
002126.npy,0.08765889,0.999219,0.03798651,0.17606366
002127.npy,0.09369009,0.999300,0.03865029,0.18207502
002128.npy,0.04445096,0.999703,0.01361316,0.12946306
002129.npy,0.00651292,0.999997,0.00203252,0.02163956
002130.npy,0.00514979,0.999998,0.00201089,0.01886368
002131.npy,0.00564839,0.999998,0.00191016,0.02213317
002133.npy,0.05642830,0.999101,0.03594063,0.12452388
002134.npy,0.06116642,0.999041,0.03669710,0.13331614
002135.npy,0.05497579,0.999096,0.03519974,0.12394109
002136.npy,0.06839265,0.999451,0.02509496,0.15848291
002138.npy,0.00684151,0.999961,0.00747327,0.12105061
002139.npy,0.00630546,0.999961,0.00755955,0.11950903
002140.npy,0.01202137,0.999479,0.01591538,0.09153159
002141.npy,0.00159021,0.999997,0.00304951,0.01017880
002142.npy,0.00286811,0.999993,0.00461684,0.01067744
002143.npy,0.01258668,0.999757,0.01869241,0.04092865
002144.npy,0.00912239,0.999992,0.00320392,0.06240579
002145.npy,0.03618190,0.999713,0.02748513,0.10613505
002146.npy,0.03270671,0.999709,0.02581528,0.09976633
002148.npy,0.00113350,0.999991,0.00302997,0.07011103
002149.npy,0.00155855,0.999977,0.00405077,0.03287962
002151.npy,0.00176953,0.999968,0.00412027,0.03179254
002152.npy,0.03841810,0.999223,0.01920834,0.11772516
002155.npy,0.05094019,0.998226,0.04971807,0.05304626
002158.npy,0.01277317,0.999906,0.01417628,0.07165943
002159.npy,0.00882131,0.999913,0.01110848,0.06320942
002160.npy,0.02202452,0.999659,0.00816912,0.06245010
002161.npy,0.03643907,0.999572,0.02217391,0.11435631
002162.npy,0.03653822,0.999607,0.02095600,0.11822582
002163.npy,0.03492963,0.999656,0.01845896,0.11184067
002164.npy,0.03604881,0.999740,0.00790850,0.13334520
002166.npy,0.00245489,0.999953,0.01061075,0.04548832
002167.npy,0.00252454,0.999948,0.01070289,0.04650522
002168.npy,0.00156348,0.999994,0.00519517,0.04769796
002169.npy,0.00169328,0.999997,0.00306385,0.08954712
002171.npy,0.00150334,0.999997,0.00287793,0.08076199
002172.npy,0.01437515,0.999792,0.01060786,0.09737721
002173.npy,0.02226089,0.999825,0.00874414,0.16763815
002174.npy,0.02025179,0.999835,0.00815589,0.16297363
002175.npy,0.01683065,0.999861,0.00795882,0.15719423
002176.npy,0.00444398,0.999940,0.00589461,0.10514452
002177.npy,0.02043312,0.998647,0.03005267,0.06195807
002178.npy,0.02124607,0.998583,0.03085570,0.06353208
002179.npy,0.02058443,0.998679,0.03000325,0.06270143
002180.npy,0.02729660,0.999727,0.01645246,0.10463719
002181.npy,0.00394943,0.999977,0.00790360,0.10403645
002182.npy,0.00417817,0.999977,0.00799073,0.11196706
002183.npy,0.00384217,0.999980,0.00756148,0.11447073
002184.npy,0.05269612,0.998675,0.01181757,0.10010925
002185.npy,0.00187233,0.999983,0.00560902,0.05464753
002186.npy,0.00164147,0.999986,0.00520284,0.05633368
002188.npy,0.04161908,0.999782,0.01941215,0.14250988
002190.npy,0.04552140,0.999848,0.00547091,0.09213229
002191.npy,0.03403200,0.999877,0.00469726,0.08264712
002192.npy,0.00842789,0.999727,0.01902210,0.05349473
002193.npy,0.00603989,0.999712,0.01645595,0.03468093
002194.npy,0.00592771,0.999656,0.01639559,0.03291375
002195.npy,0.00614751,0.999710,0.01665153,0.03495777
002196.npy,0.04970154,0.999616,0.00833553,0.15620159
002197.npy,0.00251211,0.999588,0.00708008,0.04387126
002198.npy,0.00282354,0.999718,0.00788734,0.05400945
002199.npy,0.00251755,0.999588,0.00707466,0.04391121
002200.npy,0.02662103,0.999724,0.01415578,0.08609346
002202.npy,0.01322667,0.999814,0.01529096,0.10189483
002203.npy,0.01318213,0.999811,0.01539364,0.10169751
002204.npy,0.15755799,0.999587,0.02092233,0.30157712
002205.npy,0.09486393,0.999622,0.01859102,0.20101012
002206.npy,0.09930414,0.999600,0.02078159,0.21442270
002208.npy,0.04768358,0.999756,0.02884235,0.11495333
002210.npy,0.02807042,0.999608,0.02328649,0.11828121
002211.npy,0.02810965,0.999618,0.02313372,0.11774930
002212.npy,0.06001655,0.997691,0.05208657,0.07018533
002214.npy,0.00316090,0.999486,0.00741607,0.03343506
002216.npy,0.00798598,0.999022,0.00522978,0.04830983
002217.npy,0.00109621,0.998940,0.00464274,0.01938128
002219.npy,0.00271440,0.997252,0.00865510,0.02678815
002220.npy,0.00413524,0.999914,0.01401794,0.03294019
002221.npy,0.00113704,0.999963,0.00664746,0.03901071
002222.npy,0.00110147,0.999970,0.00651726,0.04071808
002223.npy,0.00103527,0.999970,0.00629978,0.03715804
002224.npy,0.00027358,0.996524,0.00283090,0.00529786
002227.npy,0.00079763,0.995763,0.00446682,0.00897976
002228.npy,0.06517833,0.998970,0.02492102,0.14885035
002230.npy,0.00040646,0.999998,0.00280896,0.03590278
002231.npy,0.00078511,0.999997,0.00324096,0.04105503
002232.npy,0.00273456,0.999984,0.00549145,0.06550800
002233.npy,0.00212685,0.999994,0.00409906,0.05962088
002234.npy,0.00202540,0.999994,0.00397890,0.06375559
002235.npy,0.00202227,0.999994,0.00400061,0.06403458
002238.npy,0.04544331,0.999538,0.01753836,0.14182833
002240.npy,0.00283558,0.999918,0.00806953,0.04197167
002241.npy,0.02132938,0.999639,0.02838438,0.04953278
002242.npy,0.02040890,0.999648,0.02768687,0.04833629
002243.npy,0.02181649,0.999622,0.02882337,0.05010186
002244.npy,0.06630392,0.999921,0.00788278,0.05935313
002245.npy,0.00547399,0.996786,0.01527758,0.03554524
002246.npy,0.00657745,0.998026,0.01609131,0.04951402
002247.npy,0.00855820,0.996975,0.01916072,0.04872747
002249.npy,0.00344578,0.999965,0.00767012,0.10501281
002250.npy,0.00346448,0.999962,0.00775310,0.10670251
002251.npy,0.00343241,0.999948,0.00795305,0.10403778
002252.npy,0.03113338,0.999722,0.02741070,0.15010820
002254.npy,0.02666997,0.999643,0.03048760,0.13927689
002256.npy,0.01955143,0.999743,0.01544706,0.07240426
002257.npy,0.09343182,0.999041,0.02605437,0.20637310
002259.npy,0.09267411,0.998991,0.02524283,0.20205830
002261.npy,0.00071002,0.999993,0.00356542,0.04940782
002262.npy,0.00033743,0.999994,0.00336608,0.04042933
002264.npy,0.05159952,0.999971,0.00486464,0.21478981
002265.npy,0.02253540,0.999635,0.00356865,0.11533615
002266.npy,0.02095092,0.999589,0.00314026,0.10443654
002267.npy,0.02175356,0.999632,0.00342769,0.11234551
002268.npy,0.00760966,0.999934,0.00817778,0.13868961
002269.npy,0.00169978,0.999889,0.00576648,0.05239055
002270.npy,0.00148746,0.999881,0.00559967,0.04561488
002271.npy,0.00148718,0.999883,0.00554538,0.04564707
002272.npy,0.00466125,0.999894,0.00828886,0.12602472
002273.npy,0.00138656,0.999680,0.00493239,0.02208736
002276.npy,0.00311933,0.999802,0.00744205,0.04377205
002277.npy,0.02259005,0.999438,0.03186213,0.04372909
002278.npy,0.01891872,0.999567,0.02856227,0.03986483
002279.npy,0.01722422,0.999567,0.02699942,0.03817802
002280.npy,0.00176503,0.999965,0.00511256,0.09370993
002281.npy,0.01738953,0.999931,0.01179347,0.16970906
002282.npy,0.01711676,0.999931,0.01175021,0.17967479
002283.npy,0.01724355,0.999930,0.01198906,0.17741811
002284.npy,0.02594509,0.998896,0.01562635,0.08359111
002285.npy,0.04589828,0.997253,0.01734475,0.10526379
002286.npy,0.04325432,0.997635,0.01600852,0.11113008
002287.npy,0.04458320,0.997522,0.01599450,0.10956894
002288.npy,0.00355793,0.999962,0.00766957,0.09598172
002289.npy,0.00263752,0.999971,0.00757383,0.09409560
002291.npy,0.00233893,0.999971,0.00719728,0.09043521
002292.npy,0.01507539,0.999810,0.00252113,0.05736807
002293.npy,0.02826386,0.999506,0.00948077,0.11182714
002295.npy,0.02917595,0.999513,0.00854845,0.10511620
002296.npy,0.00517880,0.999844,0.00839654,0.06714056
002298.npy,0.00748433,0.999652,0.01311398,0.07464770
002300.npy,0.01299061,0.999916,0.01965080,0.08047150
002301.npy,0.00214852,0.999917,0.00931048,0.03501215
002302.npy,0.00300021,0.999915,0.01099931,0.03725230
002303.npy,0.00327467,0.999912,0.01169083,0.03863071
002304.npy,0.01478574,0.999874,0.00551269,0.06109539
002306.npy,0.01244282,0.999946,0.01164208,0.05620146
002307.npy,0.01248002,0.999944,0.01144584,0.05318677
002308.npy,0.02015145,0.999417,0.01071721,0.08412251
002309.npy,0.00831789,0.999866,0.01088890,0.08265193
002310.npy,0.00821947,0.999866,0.01097410,0.08187521
002311.npy,0.00741652,0.999839,0.01066024,0.08374508
002312.npy,0.00326392,0.999971,0.00400075,0.06755473
002315.npy,0.01409186,0.999794,0.00927087,0.13145380
002316.npy,0.01527375,0.999889,0.00694603,0.08327739
002317.npy,0.06887654,0.999879,0.03214538,0.15042977
002319.npy,0.06863792,0.999880,0.03212213,0.15075894
002320.npy,0.01104814,0.999958,0.00317570,0.05563521
002321.npy,0.01834979,0.999813,0.00715362,0.10339211
002322.npy,0.01833416,0.999814,0.00712764,0.10335220
002323.npy,0.02374305,0.999810,0.00647731,0.12319687
002324.npy,0.00141387,0.999992,0.00488791,0.05626785
002325.npy,0.00058277,0.999994,0.00412856,0.05750957
002326.npy,0.00055187,0.999995,0.00407703,0.05418994
002327.npy,0.00087364,0.999992,0.00504806,0.05878470
002329.npy,0.01849084,0.951384,0.03100352,0.03089834
002330.npy,0.01862043,0.952347,0.03094054,0.03119393
002331.npy,0.04558952,0.952499,0.04925200,0.04831843
002332.npy,0.00255943,0.999976,0.00604623,0.03024002
002333.npy,0.00223932,0.999610,0.01008028,0.01871705
002334.npy,0.00256368,0.999498,0.01031645,0.02248020
002336.npy,0.06359429,0.999630,0.01692808,0.12864093
002337.npy,0.01616529,0.999495,0.02648363,0.03801005
002338.npy,0.02105965,0.999410,0.03076399,0.04136577
002339.npy,0.01954577,0.999418,0.02948859,0.04011132
002340.npy,0.00788445,0.999918,0.01310139,0.06447788
002341.npy,0.00202719,0.999976,0.00816018,0.05378668
002342.npy,0.00195586,0.999976,0.00794564,0.05340654
002343.npy,0.00195125,0.999976,0.00796117,0.05311733
002345.npy,0.00895633,0.998053,0.01535102,0.04145343
002346.npy,0.00923655,0.997929,0.01533216,0.04342329
002347.npy,0.00848190,0.998065,0.01482841,0.04249622
002349.npy,0.00698881,0.999953,0.01048814,0.08143884
002350.npy,0.00893044,0.999933,0.01228321,0.08235937
002352.npy,0.01225663,0.999682,0.01032552,0.08995555
002353.npy,0.00070784,0.999986,0.00530436,0.03797018
002354.npy,0.00078436,0.999980,0.00570133,0.03802235
002355.npy,0.00077699,0.999980,0.00562160,0.03449361
002357.npy,0.00066132,0.999480,0.00306784,0.01305812
002358.npy,0.00122438,0.999304,0.00286643,0.01317152
002360.npy,0.10280651,0.998656,0.03507468,0.17517354
002362.npy,0.02589692,0.999739,0.00841405,0.11984790
002363.npy,0.02554125,0.999757,0.00839950,0.12252469
002366.npy,0.00248919,0.999988,0.00297589,0.07534660
002367.npy,0.00275606,0.999986,0.00310870,0.08049330
002368.npy,0.00402728,0.999941,0.00809389,0.08552718
002369.npy,0.00126898,0.999918,0.00469714,0.05366658
002370.npy,0.00119641,0.999916,0.00460573,0.04976752
002371.npy,0.00155411,0.999952,0.00437998,0.05322705
002372.npy,0.00919570,0.999899,0.00497395,0.10160518
002373.npy,0.00526950,0.999966,0.00526289,0.08594875
002374.npy,0.00429256,0.999967,0.00492044,0.08238812
002375.npy,0.00514868,0.999967,0.00523285,0.08992865
002376.npy,0.00071703,0.999943,0.00537757,0.02791180
002378.npy,0.02706204,0.999787,0.00852829,0.09039919
002379.npy,0.03258592,0.999717,0.01048849,0.09969864
002380.npy,0.00328198,0.999906,0.00833849,0.06828172
002381.npy,0.03151806,0.998575,0.03647815,0.04833348
002382.npy,0.03217640,0.998494,0.03688320,0.04886841
002384.npy,0.00550465,0.999387,0.00636237,0.02808623
002385.npy,0.05824269,0.999635,0.02679296,0.08258175
002386.npy,0.05792030,0.999573,0.02724311,0.08159988
002387.npy,0.05545207,0.999753,0.02458364,0.08107997
002388.npy,0.02205645,0.999893,0.00533043,0.13858093
002389.npy,0.02644617,0.999870,0.01431767,0.08239855
002390.npy,0.02651521,0.999876,0.01391116,0.08375236
002391.npy,0.01532398,0.999934,0.01002800,0.06517772
002392.npy,0.00356469,0.999970,0.00853571,0.01752292
002393.npy,0.08387377,0.999684,0.02114317,0.17000504
002394.npy,0.08291139,0.999674,0.02142510,0.16854477
002395.npy,0.08208017,0.999646,0.02180606,0.16961426
002397.npy,0.00297521,0.999984,0.00639285,0.04894184
002398.npy,0.00317933,0.999984,0.00663396,0.05280299
002399.npy,0.00380173,0.999979,0.00728265,0.05233694
002400.npy,0.04831330,0.999641,0.00813446,0.08097618
002401.npy,0.05861935,0.999514,0.03599465,0.12782514
002402.npy,0.05640929,0.999537,0.03545585,0.12459785
002403.npy,0.05384160,0.999597,0.03440518,0.12401031
002404.npy,0.02989648,0.999749,0.01448186,0.15086916
002405.npy,0.00127257,0.999987,0.00659446,0.05275462
002408.npy,0.00521907,0.999957,0.00543710,0.03090193
002409.npy,0.05947935,0.999061,0.02217011,0.11425529
002411.npy,0.07196438,0.998937,0.02800511,0.12203332
002412.npy,0.01211266,0.999873,0.01024912,0.08579389
002413.npy,0.00149247,0.999989,0.00489689,0.02364584
002414.npy,0.00120436,0.999989,0.00485024,0.01786072
002415.npy,0.00110604,0.999989,0.00494488,0.01728139
002416.npy,0.07984953,0.998780,0.02728783,0.14889272
002417.npy,0.00965268,0.999955,0.00559938,0.08656149
002418.npy,0.00946965,0.999957,0.00562561,0.08605034
002419.npy,0.00826472,0.999962,0.00568618,0.07940157
002422.npy,0.00146520,0.999967,0.00559907,0.06122503
002425.npy,0.00094001,0.999977,0.00621242,0.04510372
002426.npy,0.00085934,0.999976,0.00581502,0.03862374
002427.npy,0.00098308,0.999975,0.00631374,0.04460974
002428.npy,0.00489816,0.999984,0.00690802,0.06083054
002429.npy,0.00510400,0.999982,0.00758942,0.07097442
002430.npy,0.00547681,0.999982,0.00762419,0.06867105
002433.npy,0.01172842,0.999788,0.00794212,0.06018051
002434.npy,0.01447624,0.999826,0.01053327,0.07625087
002435.npy,0.01371006,0.999814,0.01009695,0.07314879
002436.npy,0.06336512,0.998225,0.02965382,0.12602659
002437.npy,0.12790743,0.995445,0.07695047,0.07998607
002438.npy,0.16536189,0.994500,0.08742765,0.09121763
002439.npy,0.17980416,0.994304,0.09075007,0.09487768
002441.npy,0.00400347,0.999945,0.00689433,0.10275868
002442.npy,0.00426403,0.999945,0.00720482,0.10526329
002443.npy,0.00356547,0.999949,0.00659190,0.09657871
002444.npy,0.00097124,0.999980,0.00578754,0.07086787
002445.npy,0.00163415,0.999989,0.00556571,0.06007844
002446.npy,0.00110427,0.999990,0.00529754,0.05829386
002447.npy,0.00140833,0.999990,0.00562197,0.06122219
002448.npy,0.00189461,0.999990,0.00541454,0.04880079
002449.npy,0.00326799,0.999853,0.00839440,0.04498794
002450.npy,0.00323114,0.999853,0.00821884,0.04531447
002451.npy,0.00338913,0.999850,0.00883984,0.04109160
002454.npy,0.00369918,0.999975,0.00729554,0.10965216
002456.npy,0.00606317,0.999835,0.01680406,0.03512435
002457.npy,0.04490718,0.998372,0.01682019,0.12842473
002458.npy,0.05109782,0.998633,0.01860711,0.14301552
002461.npy,0.00209113,0.999918,0.00538433,0.03955877
002462.npy,0.00220359,0.999926,0.00532479,0.04394786
002463.npy,0.00231317,0.999916,0.00570629,0.04142123
002465.npy,0.01444717,0.999853,0.01411777,0.11154296
002466.npy,0.01524905,0.999830,0.01411589,0.11433098
002467.npy,0.01481081,0.999848,0.01424813,0.11303912
002468.npy,0.25404724,0.996236,0.05519809,0.25490370
002469.npy,0.00695520,0.999974,0.00921067,0.06246767
002470.npy,0.00619623,0.999974,0.01120636,0.04784602
002472.npy,0.07121710,0.997983,0.02469531,0.15091439
002473.npy,0.19024001,0.997458,0.03443037,0.23592648
002474.npy,0.17932900,0.997459,0.03169953,0.22388770
002475.npy,0.18841362,0.997514,0.03344612,0.23478711
002477.npy,0.00032135,0.999993,0.00342311,0.04676954
002478.npy,0.00032845,0.999993,0.00348572,0.05095439
002479.npy,0.00032257,0.999993,0.00344164,0.04939361
002481.npy,0.00698389,0.999977,0.00208155,0.01371134
002482.npy,0.00373946,0.999991,0.00231792,0.00807103
002483.npy,0.00851508,0.999972,0.00211753,0.01691903
002484.npy,0.00086959,0.999949,0.00451901,0.06332195
002485.npy,0.00476215,0.999804,0.01402018,0.03336390
002487.npy,0.00433121,0.999819,0.01340048,0.03675584
002488.npy,0.00779722,0.999888,0.01405668,0.11548883
002489.npy,0.00864468,0.999851,0.01767904,0.04236380
002490.npy,0.00792438,0.999876,0.01653830,0.04286168
002492.npy,0.03068132,0.999081,0.01656117,0.08015888
002493.npy,0.05419209,0.999470,0.03420462,0.13249195
002494.npy,0.05423750,0.999472,0.03422712,0.13253069
002495.npy,0.05446836,0.999472,0.03434088,0.13282794
002496.npy,0.07697358,0.999181,0.01821226,0.14377612
002498.npy,0.00651370,0.999818,0.01727984,0.05509490
002501.npy,0.02666658,0.999073,0.03125457,0.08108899
002502.npy,0.02652658,0.999102,0.03090253,0.07947022
002503.npy,0.02655630,0.999083,0.03103720,0.07918042
002504.npy,0.00694056,0.999969,0.00629544,0.10574168
002505.npy,0.00072738,0.999984,0.00527805,0.02552597
002506.npy,0.00073056,0.999984,0.00534651,0.02546876
002507.npy,0.00069826,0.999986,0.00523226,0.02573830
002509.npy,0.06233475,0.999499,0.02553314,0.08141652
002510.npy,0.07104562,0.999334,0.03117671,0.08747973
002511.npy,0.06239374,0.999498,0.02563456,0.08143715
002515.npy,0.00597387,0.999758,0.00371908,0.07880429
002516.npy,0.00582455,0.999957,0.00408929,0.02920487
002517.npy,0.07372298,0.997724,0.05832052,0.06927839
002518.npy,0.06827478,0.998209,0.05567012,0.06672247
002519.npy,0.06865871,0.997647,0.05514933,0.06713032
002520.npy,0.01372434,0.999631,0.00702397,0.05950814
002521.npy,0.01082663,0.999650,0.02264242,0.02889652
002522.npy,0.00623870,0.999684,0.01716483,0.02224891
002523.npy,0.01026179,0.999687,0.02194773,0.02813631
002524.npy,0.03101899,0.999803,0.01226777,0.09615377
002525.npy,0.02090672,0.999915,0.00755488,0.11318818
002526.npy,0.02077735,0.999915,0.00748607,0.11284824
002527.npy,0.02091936,0.999914,0.00750712,0.11319563
002528.npy,0.01025628,0.999899,0.00594973,0.08182888
002530.npy,0.00057998,0.999979,0.00483945,0.04429458
002531.npy,0.00049399,0.999984,0.00446107,0.04490915
002532.npy,0.00974004,0.999978,0.00923354,0.07513354
002533.npy,0.19649801,0.994522,0.08755136,0.14359671
002536.npy,0.03106121,0.999851,0.01858793,0.12546803
002537.npy,1.67104622,0.950956,0.30405980,0.28817487
002538.npy,0.10931650,0.992274,0.07617366,0.07367951
002539.npy,1.67274031,0.950495,0.30119283,0.28805840
002540.npy,0.06532544,0.999929,0.00866727,0.19910330
002541.npy,0.08786643,0.999938,0.00646139,0.24648094
002542.npy,0.08721044,0.999941,0.00670290,0.24642600
002543.npy,0.08674386,0.999940,0.00664794,0.24692711
002546.npy,0.00305805,0.999949,0.00951277,0.07509233
002547.npy,0.00202760,0.999977,0.00754658,0.06083325
002549.npy,0.00848044,0.999564,0.00480241,0.05156423
002550.npy,0.00817936,0.999643,0.00487346,0.05479416
002551.npy,0.00806380,0.999676,0.00518264,0.05880887
002552.npy,0.01387840,0.999126,0.01468014,0.06534371
002553.npy,0.01554749,0.999229,0.02397113,0.04506014
002554.npy,0.01514527,0.999179,0.02356277,0.04518350
002556.npy,0.00344404,0.999829,0.00933400,0.10221858
002557.npy,0.01066743,0.999736,0.01164887,0.09321451
002558.npy,0.01075576,0.999732,0.01184624,0.09332643
002559.npy,0.01228341,0.999693,0.01209164,0.10179952
002560.npy,0.01774227,0.999860,0.01639425,0.20273708
002561.npy,0.01343407,0.999912,0.01072029,0.07080527
002562.npy,0.01212405,0.999910,0.01019337,0.06621695
002563.npy,0.01333376,0.999913,0.01070006,0.07053130
002564.npy,0.02196320,0.999503,0.02543158,0.05219806
002565.npy,0.02795886,0.999709,0.02905114,0.06949353
002566.npy,0.02773813,0.999696,0.02895339,0.06929740
002568.npy,0.00629471,0.999898,0.00963192,0.07388330
002569.npy,0.00416560,0.999566,0.01393395,0.02325867
002573.npy,0.00053129,0.999991,0.00464900,0.03640570
002574.npy,0.00054419,0.999991,0.00466070,0.04270278
002575.npy,0.00053022,0.999991,0.00462188,0.03674034
002576.npy,0.03228774,0.999669,0.01144030,0.09110547
002577.npy,0.00321430,0.999981,0.00364512,0.06607987
002578.npy,0.00473435,0.999971,0.00351241,0.06050427
002579.npy,0.00810376,0.999934,0.00367397,0.06176685
002580.npy,0.06104729,0.999655,0.03507303,0.14085865
002581.npy,0.03509449,0.999697,0.02908300,0.08358882
002582.npy,0.04772365,0.999725,0.03364004,0.09487049
002583.npy,0.04277751,0.999758,0.03144576,0.09145597
002584.npy,0.01565667,0.999815,0.00715623,0.09654863
002585.npy,0.00573833,0.999720,0.00509246,0.05025731
002586.npy,0.00553464,0.999713,0.00529668,0.05107130
002587.npy,0.00658181,0.999714,0.00539859,0.05939071
002588.npy,0.01824240,0.999864,0.01045575,0.15591608
002589.npy,0.00895556,0.999884,0.00874479,0.10785355
002590.npy,0.00818544,0.999864,0.00833796,0.09737709
002592.npy,0.00175599,0.999927,0.00779141,0.05698592
002593.npy,0.00621905,0.999913,0.01629243,0.03003691
002594.npy,0.00282156,0.999905,0.01054462,0.02235314
002595.npy,0.00299820,0.999894,0.01094842,0.02444836
002596.npy,0.00027549,0.999972,0.00160097,0.01666832
002597.npy,0.02048777,0.999717,0.00904195,0.13263135
002598.npy,0.02294759,0.999694,0.00987176,0.13071646
002599.npy,0.02407549,0.999677,0.01079251,0.13359818
002600.npy,0.00254192,0.999962,0.00696451,0.06658117
002601.npy,0.01755346,0.997952,0.02042838,0.04596185
002602.npy,0.01909831,0.998069,0.02074116,0.04548018
002603.npy,0.01673763,0.997945,0.02000722,0.04245576
002604.npy,0.01083184,0.999805,0.01998984,0.05088567
002605.npy,0.10969015,0.996469,0.07460352,0.07487889
002606.npy,0.05812932,0.998669,0.05392871,0.05591638
002610.npy,0.00486410,0.999946,0.00433692,0.09463906
002611.npy,0.00492327,0.999955,0.00434493,0.09803843
002612.npy,0.00786108,0.999922,0.01198409,0.04997349
002613.npy,0.00187471,0.999986,0.00500497,0.05254389
002615.npy,0.00273833,0.999979,0.00559581,0.05812382
002617.npy,0.01245151,0.999867,0.00670408,0.06595954
002618.npy,0.01188853,0.999869,0.00648302,0.05047265
002619.npy,0.01196922,0.999868,0.00645763,0.06483298
002620.npy,0.04642360,0.999191,0.04372224,0.06469050
002621.npy,0.00432906,0.999931,0.00894675,0.04410667
002624.npy,0.02733205,0.999154,0.03612014,0.04660408
002625.npy,0.04039819,0.999174,0.04281500,0.07187566
002626.npy,0.03924434,0.999180,0.04266145,0.07287794
002627.npy,0.04023899,0.999177,0.04291922,0.07172787
002628.npy,0.00112825,0.999959,0.00587632,0.04765748
002629.npy,0.01028874,0.999652,0.00914033,0.10076945
002630.npy,0.00900234,0.999587,0.00796648,0.09734696
002631.npy,0.00899947,0.999587,0.00803308,0.09730114
002633.npy,0.07346305,0.994887,0.05185814,0.06990311
002634.npy,0.07369916,0.994841,0.05245630,0.07016193
002636.npy,0.07146949,0.995138,0.00832352,0.09845418
002637.npy,1.67754039,0.950653,0.30289899,0.28838789
002638.npy,1.67761566,0.950426,0.30038255,0.28789008
002639.npy,1.65674953,0.952407,0.29814104,0.28763512
002640.npy,0.02620226,0.999955,0.00822144,0.12756841
002641.npy,0.05808191,0.999818,0.02090175,0.14830989
002644.npy,0.00255981,0.999949,0.00688529,0.08473119
002646.npy,0.00118769,0.999983,0.00683008,0.04093583
002647.npy,0.00098119,0.999986,0.00653968,0.03892704
002649.npy,0.04964415,0.998831,0.04678688,0.06054685
002650.npy,0.04814382,0.998886,0.04640723,0.05961448
002651.npy,0.04085708,0.999097,0.04182329,0.05515734
002652.npy,0.00631243,0.999943,0.00468485,0.02295557
002653.npy,0.04496979,0.999262,0.01847475,0.11089014
002654.npy,0.04405870,0.999462,0.01553804,0.12216716
002655.npy,0.04508815,0.999264,0.01843667,0.11085499
002656.npy,0.01465594,0.999894,0.00706287,0.09037393
002657.npy,0.00842898,0.999487,0.01105982,0.05246439
002658.npy,0.00808114,0.999581,0.01085939,0.04959100
002660.npy,0.00878425,0.999959,0.00465921,0.08038451
002661.npy,0.00083596,0.999992,0.00309509,0.05025260
002662.npy,0.00075540,0.999992,0.00304039,0.04611042
002663.npy,0.00083611,0.999992,0.00301516,0.05023407
002664.npy,0.00440857,0.999979,0.00497384,0.08922305
002666.npy,0.00911622,0.999947,0.00802260,0.08485558
002667.npy,0.00804337,0.999947,0.00806059,0.09090305
002668.npy,0.01903873,0.999870,0.01426476,0.10298613
002671.npy,0.03365564,0.999762,0.01462621,0.11833023
002673.npy,0.00983157,0.999957,0.00330848,0.04586859
002674.npy,0.01149435,0.999940,0.00345350,0.05240847
002675.npy,0.02050158,0.999866,0.00472794,0.08485902
002677.npy,0.00209443,0.999990,0.00611840,0.06197693
002678.npy,0.00214489,0.999988,0.00630601,0.06518293
002679.npy,0.00220863,0.999988,0.00622741,0.06825621
002680.npy,0.02107030,0.999357,0.01318175,0.07498477
002681.npy,0.09968258,0.998703,0.01836677,0.19496296
002682.npy,0.08607328,0.998513,0.01568663,0.16459379
002683.npy,0.09898141,0.998723,0.01810592,0.19443132
002684.npy,0.02185460,0.999699,0.01268645,0.08565414
002687.npy,0.00257407,0.999991,0.00604091,0.02070119
002688.npy,0.01294191,0.999987,0.00410720,0.08831046
002689.npy,0.01339862,0.999960,0.00607382,0.09447387
002690.npy,0.01512472,0.999954,0.00651732,0.09555303
002691.npy,0.01385485,0.999963,0.00608904,0.08806343
002692.npy,0.00149351,0.999983,0.00617767,0.01854254
002694.npy,0.09162310,0.996972,0.06588275,0.07713471
002695.npy,0.08565099,0.997280,0.06310975,0.07453759
002696.npy,0.00125148,0.999987,0.00516941,0.04686674
002697.npy,0.04704759,0.998274,0.04382935,0.05459669
002698.npy,0.05797237,0.998255,0.04836286,0.06041753
002699.npy,0.05516740,0.997627,0.04781663,0.05928738
002700.npy,0.01623475,0.999780,0.01701446,0.08482617
002701.npy,0.00146758,0.999918,0.00706837,0.03980857
002703.npy,0.00131155,0.999909,0.00696562,0.03258054
002704.npy,0.17078601,0.996988,0.04511994,0.19351524
002705.npy,0.04342497,0.997942,0.00674225,0.10249279
002708.npy,0.00542985,0.999988,0.00768168,0.06199360
002710.npy,0.00516136,0.999985,0.00579338,0.06250969
002711.npy,0.00404136,0.999985,0.00580983,0.05994565
002712.npy,0.00398047,0.999892,0.00816888,0.05091938
002714.npy,0.13222529,0.995097,0.07909517,0.09458077
002716.npy,0.18278472,0.997891,0.06006976,0.18372683
002718.npy,0.02517071,0.999550,0.01459502,0.08164687
002719.npy,0.02238740,0.999564,0.01298724,0.07745001
002721.npy,0.08733740,0.999093,0.02590846,0.15779774
002722.npy,0.09010590,0.999076,0.02629905,0.15893234
002723.npy,0.09155898,0.999019,0.02726592,0.16214509
002724.npy,0.00504513,0.999975,0.00801181,0.10873581
002725.npy,0.00222183,0.999897,0.00677140,0.05834185
002726.npy,0.00158301,0.999889,0.00623192,0.05034254
002727.npy,0.00158316,0.999888,0.00614677,0.05056177
002728.npy,0.13322786,0.998845,0.06569424,0.14147946
002729.npy,0.00093888,0.999993,0.00525918,0.01816739
002730.npy,0.00100505,0.999993,0.00511572,0.01934169
002731.npy,0.00122435,0.999992,0.00494457,0.02711463
002732.npy,0.01020441,0.999974,0.00858356,0.14858994
002733.npy,0.00387177,0.999994,0.00480184,0.09422306
002734.npy,0.00380681,0.999995,0.00510061,0.08468104
002735.npy,0.00383917,0.999995,0.00469243,0.09209283
002736.npy,0.00693679,0.999954,0.00607835,0.11410077
002737.npy,0.00633886,0.999961,0.00707091,0.09753852
002738.npy,0.00729422,0.999956,0.00812297,0.10840180
002739.npy,0.00715229,0.999954,0.00809696,0.10665309
002740.npy,0.00153722,0.999995,0.00331721,0.06660678
002741.npy,0.10877833,0.998375,0.04350555,0.14593510
002742.npy,0.07885247,0.998859,0.03102603,0.13569362
002744.npy,0.09619585,0.999841,0.02617774,0.18117923
002745.npy,0.00769973,0.999572,0.01604182,0.06525376
002746.npy,0.00697099,0.999586,0.01565387,0.07000721
002748.npy,0.00261204,0.999928,0.00676433,0.07283279
002749.npy,0.03104719,0.996287,0.02943249,0.07515069
002751.npy,0.03096974,0.996299,0.02972105,0.07499916
002752.npy,0.00686561,0.999915,0.00543388,0.08542787
002753.npy,0.00074871,0.999964,0.00346497,0.04364252
002754.npy,0.00044903,0.999980,0.00331155,0.03839350
002755.npy,0.00044514,0.999981,0.00326996,0.03840009
002756.npy,0.00390361,0.999830,0.01087629,0.01854705
002758.npy,0.06337426,0.998567,0.05229068,0.07491437
002759.npy,0.06046098,0.998209,0.05106354,0.07397285
002760.npy,0.00417234,0.999986,0.00554010,0.03558258
002761.npy,0.00991949,0.999969,0.00511903,0.03722139
002762.npy,0.00660619,0.999977,0.00517955,0.02832468
002763.npy,0.00649426,0.999975,0.00550086,0.03607725
002765.npy,0.00367772,0.999829,0.01309677,0.01966112
002766.npy,0.00369666,0.999824,0.01313223,0.01952405
002767.npy,0.00342915,0.999849,0.01267939,0.01987054
002768.npy,0.00886399,0.999839,0.00482855,0.03438012
002770.npy,0.01935895,0.999667,0.02190206,0.05740780
002771.npy,0.02420666,0.999692,0.02510385,0.06371208
002772.npy,0.01161990,0.999665,0.00400516,0.02293851
002773.npy,0.00833510,0.999880,0.00852286,0.09392523
002774.npy,0.00532021,0.999931,0.00715405,0.08962847
002776.npy,0.09745736,0.999177,0.01304501,0.14351462
002777.npy,0.04052637,0.999024,0.01069160,0.10913353
002779.npy,0.05212856,0.998916,0.01326636,0.13321830
002780.npy,0.01424989,0.999806,0.02029645,0.08084651
002783.npy,0.02661862,0.999545,0.02477051,0.13946000
002785.npy,0.01416892,0.999708,0.01998743,0.09448562
002786.npy,0.01446062,0.999713,0.01976132,0.09570631
002787.npy,0.01239827,0.999734,0.01828778,0.08911242
002788.npy,0.00364706,0.999982,0.00913351,0.04646449
002789.npy,0.04298387,0.999178,0.04029231,0.08897486
002790.npy,0.04767561,0.999047,0.04223041,0.09023584
002791.npy,0.04838506,0.999256,0.04261976,0.09652808
002792.npy,0.00131063,0.999996,0.00403878,0.05286111
002793.npy,0.00160425,0.999919,0.00722388,0.05764037
002794.npy,0.00152748,0.999916,0.00667236,0.05422105
002795.npy,0.00165497,0.999919,0.00728129,0.05658779
002796.npy,0.01586175,0.999949,0.00372828,0.05086287
002799.npy,0.01795696,0.999568,0.02843977,0.04107684
002800.npy,0.06456880,0.999679,0.00837187,0.08881202
002801.npy,0.01735525,0.999803,0.01931275,0.06045387
002802.npy,0.01810668,0.999790,0.02006340,0.06119894
002803.npy,0.02309861,0.999730,0.02217539,0.06587910
002805.npy,0.03228072,0.998288,0.03946819,0.04581009
002806.npy,0.05443043,0.997982,0.05086114,0.05885731
002807.npy,0.03810414,0.998167,0.04256000,0.04969783
002808.npy,0.03266959,0.999555,0.01125141,0.09456556
002809.npy,0.01242220,0.997092,0.01984884,0.03637216
002810.npy,0.01269251,0.996862,0.01932265,0.03830424
002812.npy,0.00303383,0.999989,0.00434052,0.09705719
002814.npy,0.00415967,0.999988,0.00317611,0.10938940
002815.npy,0.00449672,0.999985,0.00321847,0.12791310
002816.npy,0.00556081,0.999897,0.00775625,0.07739601
002818.npy,0.01425836,0.999661,0.02064829,0.07420230
002819.npy,0.00520001,0.999748,0.01111043,0.05075003
002820.npy,0.05263052,0.998668,0.04332885,0.13029699
002821.npy,0.03326218,0.997209,0.03559932,0.08045580
002822.npy,0.03343911,0.997169,0.03576188,0.08065924
002823.npy,0.03508419,0.997584,0.03546943,0.08758011
002824.npy,0.01787563,0.999917,0.00802057,0.13065152
002825.npy,0.03319488,0.999733,0.02119819,0.08029165
002826.npy,0.03306048,0.999748,0.02320693,0.08522730
002829.npy,0.00855472,0.999767,0.01931134,0.03485665
002830.npy,0.00890414,0.999786,0.01963865,0.03766512
002831.npy,0.00851263,0.999773,0.01898117,0.03546552
002832.npy,0.00579784,0.999954,0.00626883,0.09238380
002834.npy,0.03076139,0.999663,0.01036880,0.13661776
002835.npy,0.02518586,0.999710,0.00900189,0.12861899
002837.npy,0.00037337,0.999994,0.00359541,0.03931154
002841.npy,0.00330146,0.999991,0.00228040,0.04973032
002842.npy,0.00297786,0.999994,0.00219218,0.04136742
002843.npy,0.00612891,0.999980,0.00277471,0.06704201
002844.npy,0.00951781,0.999892,0.01737343,0.06252959
002848.npy,0.00458444,0.999947,0.00781537,0.04262740
002849.npy,0.00096143,0.999988,0.00410626,0.03265754
002850.npy,0.00111199,0.999987,0.00407697,0.03431840
002851.npy,0.00047954,0.999993,0.00421910,0.03331428
002853.npy,0.08133435,0.996962,0.03044177,0.14236274
002854.npy,0.08743134,0.996821,0.03386740,0.14208825
002855.npy,0.08736522,0.996743,0.03443007,0.14169531
002856.npy,0.01089042,0.999872,0.00602760,0.05983435
002858.npy,0.00131343,0.999960,0.00767801,0.01819726
002860.npy,0.00762545,0.999952,0.01039511,0.08101434
002861.npy,0.00726807,0.999933,0.00912155,0.09506289
002862.npy,0.00731448,0.999931,0.00918573,0.09481402
002866.npy,0.00703497,0.999652,0.01219957,0.06369983
002867.npy,0.00648628,0.999642,0.01183232,0.06306140
002868.npy,0.01775357,0.999844,0.01039053,0.09044800
002870.npy,0.00340367,0.999903,0.01210424,0.03157968
002871.npy,0.00342920,0.999903,0.01220700,0.03151308
002872.npy,0.00382486,0.999897,0.00802985,0.05409753
002873.npy,0.00371048,0.999989,0.00640656,0.02574459
002874.npy,0.00369139,0.999988,0.00672899,0.02215811
002875.npy,0.00386392,0.999987,0.00677278,0.02687132
002876.npy,0.02746021,0.998936,0.03244342,0.04348909
002877.npy,0.01713160,0.999870,0.00462442,0.07932648
002878.npy,0.01569576,0.999825,0.00444865,0.07053193
002879.npy,0.01571401,0.999826,0.00439965,0.07058296
002880.npy,0.00305211,0.999876,0.01220876,0.04718526
002881.npy,0.00446948,0.999926,0.00926220,0.08941273
002883.npy,0.00458034,0.999926,0.00936117,0.09285380
002884.npy,0.01120279,0.999926,0.01409640,0.07929082
002885.npy,0.01203629,0.999924,0.01192761,0.09217384
002887.npy,0.00734406,0.999923,0.00926881,0.06941167
002888.npy,0.00523663,0.999949,0.00779283,0.08238652
002889.npy,0.00456633,0.999922,0.01042733,0.06227459
002890.npy,0.00460448,0.999920,0.01051161,0.06254353
002892.npy,0.01151969,0.999970,0.00790599,0.09980514
002893.npy,0.00245106,0.999933,0.00926404,0.03061691
002895.npy,0.00240602,0.999941,0.00911277,0.03104652
002896.npy,0.00259600,0.999974,0.00436438,0.07394855
002897.npy,0.04053918,0.999525,0.02429120,0.11511436
002898.npy,0.04078064,0.999526,0.02463120,0.11461715
002899.npy,0.04078172,0.999506,0.02450147,0.11228438
002901.npy,0.06359757,0.999908,0.00412062,0.23301449
002902.npy,0.05836905,0.999917,0.00374584,0.22303531
002903.npy,0.06495163,0.999903,0.00424078,0.23870251
002904.npy,0.00335496,0.999968,0.00545862,0.07907242
002905.npy,0.01247883,0.999809,0.00896177,0.11817042
002906.npy,0.01118852,0.999832,0.00880504,0.11377458
002908.npy,0.03636278,0.999733,0.00895994,0.11696941
002909.npy,0.00830283,0.999758,0.00908203,0.03600410
002912.npy,0.02030051,0.999955,0.00293895,0.11129700
002913.npy,0.00206293,0.999708,0.00567283,0.04153091
002914.npy,0.00103966,0.999698,0.00394748,0.02976393
002915.npy,0.00131657,0.999718,0.00348719,0.03287027
002916.npy,0.00608482,0.999973,0.00474834,0.06779697
002917.npy,0.00636273,0.999987,0.00519422,0.09884311
002918.npy,0.00629902,0.999987,0.00499889,0.09956065
002919.npy,0.00629086,0.999988,0.00537581,0.09539175
002920.npy,0.10837268,0.998617,0.03368920,0.16599767
002922.npy,0.00843006,0.999898,0.00976795,0.05039183
002923.npy,0.00839248,0.999897,0.01019833,0.04930183
002924.npy,0.03414593,0.997880,0.03230448,0.07275707
002927.npy,0.12115147,0.996453,0.07412328,0.08120780
002928.npy,0.04481760,0.999793,0.01120185,0.14677899
002929.npy,0.04974576,0.999487,0.01319564,0.08993591
002931.npy,0.05009987,0.999487,0.01338178,0.09038834
002932.npy,0.00814846,0.999926,0.00756694,0.08189840
002933.npy,0.00574885,0.999812,0.00372193,0.05084724
002934.npy,0.00543513,0.999802,0.00373818,0.05005394
002935.npy,0.00544756,0.999806,0.00370525,0.04996706
002937.npy,0.00743303,0.999970,0.00866755,0.07869240
002938.npy,0.00721502,0.999971,0.00846908,0.08066175
002939.npy,0.00701189,0.999972,0.00806444,0.07863251
002940.npy,0.05656232,0.999618,0.01706273,0.12919545
002941.npy,0.02075895,0.999379,0.02930514,0.08084862
002944.npy,0.04701481,0.999003,0.02803325,0.10781848
002945.npy,0.02623660,0.999674,0.02220831,0.11273022
002946.npy,0.02502338,0.999705,0.02081722,0.11856940
002947.npy,0.02561689,0.999645,0.02125540,0.10839109
002948.npy,0.01973135,0.999976,0.00588352,0.12636350
002949.npy,0.05903991,0.998899,0.04684419,0.06739332
002950.npy,0.04586047,0.999103,0.04160284,0.05815578
002951.npy,0.04738036,0.999037,0.04259743,0.05870391
002952.npy,0.02280444,0.999645,0.00481608,0.09237596
002953.npy,0.00305356,0.999989,0.00378791,0.07478733
002954.npy,0.00447863,0.999987,0.00416465,0.08529258
002955.npy,0.00464694,0.999987,0.00393767,0.09447616
002956.npy,0.02889247,0.999669,0.01922987,0.09051630
002957.npy,0.01810795,0.999476,0.02070612,0.08582577
002959.npy,0.01458870,0.999608,0.01948491,0.07446659
002960.npy,0.02533490,0.999667,0.01381394,0.10691388
002961.npy,0.00136438,0.999884,0.00558851,0.05734283
002962.npy,0.00128376,0.999889,0.00550043,0.05584883
002963.npy,0.00177295,0.999912,0.00514365,0.06039574
002964.npy,0.01048104,0.999525,0.01014559,0.09903610
002965.npy,0.00649595,0.999686,0.01115511,0.07602164
002966.npy,0.00955168,0.999697,0.01249785,0.09127562
002968.npy,0.02385064,0.999886,0.01478347,0.08444626
002969.npy,0.00110857,0.999983,0.00721319,0.03212610
002970.npy,0.00114942,0.999983,0.00739453,0.03080835
002971.npy,0.00122346,0.999983,0.00735681,0.02964889
002972.npy,0.00273594,0.999852,0.00217777,0.02091420
002973.npy,1.67701368,0.950419,0.30374050,0.28809920
002974.npy,1.67030458,0.951265,0.30064923,0.28817025
002975.npy,1.66946803,0.951005,0.30263112,0.28855452
002976.npy,0.06700170,0.999760,0.01872805,0.17284700
002977.npy,0.01917959,0.993186,0.02114228,0.05443987
002978.npy,0.02066263,0.995295,0.02214619,0.06935716
002979.npy,0.02247739,0.994166,0.02428404,0.06436484
002980.npy,0.02858583,0.999523,0.01510463,0.08081567
002981.npy,1.68410181,0.949932,0.30567706,0.28742799
002982.npy,1.69774431,0.950113,0.30372139,0.28870812
002984.npy,0.00582476,0.999992,0.00500188,0.10767218
002986.npy,0.01440051,0.999860,0.01958883,0.04958196
002987.npy,0.01684129,0.999792,0.02176618,0.04936020
002988.npy,0.01481449,0.999861,0.01941495,0.04981067
002989.npy,0.01827665,0.999488,0.02374509,0.06438015
002990.npy,0.01805506,0.999570,0.02235366,0.06347925
002991.npy,0.01708980,0.999414,0.02280708,0.06159845
002992.npy,0.09348558,0.999338,0.01388539,0.22739825
002993.npy,0.02828686,0.999739,0.00913440,0.11861004
002994.npy,0.02981060,0.999735,0.00963898,0.12055177
002995.npy,0.03091942,0.999734,0.00988385,0.12282036
002996.npy,0.00991631,0.999969,0.00409936,0.06513048
002997.npy,0.00443807,0.999950,0.00601216,0.03912200
003000.npy,0.02301207,0.999621,0.01019500,0.10161654
003001.npy,0.00220101,0.999958,0.00611967,0.01844678
003003.npy,0.00251378,0.999951,0.00624768,0.02181060
003004.npy,0.02748391,0.998483,0.01466484,0.08535003
003005.npy,0.03519870,0.998657,0.01858070,0.11634107
003008.npy,0.00303354,0.999977,0.00599200,0.10307749
003009.npy,0.01962206,0.999271,0.02477966,0.05877141
003011.npy,0.03240675,0.999371,0.03223507,0.07042177
003012.npy,0.05141386,0.999453,0.02271343,0.11757601
003013.npy,0.00109947,0.999996,0.00338711,0.00704594
003015.npy,0.00109677,0.999996,0.00328902,0.00727239
003016.npy,0.03555216,0.999847,0.02217404,0.16746306
003017.npy,0.02515721,0.999351,0.03404375,0.04470113
003018.npy,0.02529701,0.999334,0.03424959,0.04471634
003019.npy,0.02512503,0.999333,0.03406403,0.04458882
003020.npy,0.01131575,0.999417,0.01158020,0.06818792
003022.npy,0.02703831,0.999554,0.01913877,0.12718996
003023.npy,0.02749869,0.999552,0.01879598,0.13223322
003024.npy,0.01315598,0.999516,0.02378319,0.03555254
003025.npy,0.01637453,0.999393,0.02719196,0.06176358
003026.npy,0.01640026,0.999383,0.02693487,0.06150028
003028.npy,0.02878904,0.999808,0.01804442,0.10569071
003029.npy,0.04329223,0.997181,0.02227925,0.11192539
003030.npy,0.04353537,0.997164,0.02157122,0.11220918
003031.npy,0.04224109,0.997273,0.02181582,0.11138090
003032.npy,0.02305211,0.999882,0.01910918,0.08129969
003033.npy,0.02310717,0.999834,0.02120951,0.09670730
003034.npy,0.02324693,0.999834,0.02134094,0.09715530
003035.npy,0.02351704,0.999825,0.02169535,0.09549697
003036.npy,0.12179314,0.999413,0.04604514,0.16345596
003038.npy,0.00830567,0.999820,0.00537083,0.10504527
003039.npy,0.00838100,0.999826,0.00560630,0.10509911
003040.npy,0.01932525,0.988248,0.00408867,0.04998750
003041.npy,0.02166871,0.998769,0.00558763,0.08922198
003042.npy,0.02255056,0.998756,0.00544176,0.09137618
003044.npy,0.13851960,0.995935,0.07997210,0.08835859
003045.npy,0.01602813,0.999642,0.02726671,0.03592498
003046.npy,0.00863168,0.999854,0.01988910,0.03073514
003048.npy,0.00617110,0.999916,0.01040149,0.10079265
003049.npy,0.00113446,0.999993,0.00287055,0.00885945
003050.npy,0.00103325,0.999992,0.00339790,0.00815908
003051.npy,0.00096567,0.999993,0.00405582,0.00790684
003052.npy,0.01516645,0.999445,0.00697195,0.07460153
003053.npy,0.00533602,0.999950,0.00696964,0.06882972
003054.npy,0.00542568,0.999949,0.00696134,0.06935882
003055.npy,0.00524089,0.999952,0.00692174,0.06802894
003056.npy,0.04027352,0.999367,0.01089993,0.09020484
003057.npy,0.00725787,0.999921,0.00502555,0.03102354
003058.npy,0.00836937,0.999915,0.00497465,0.03343068
003059.npy,0.00691073,0.999921,0.00491348,0.02707217
003060.npy,0.04094206,0.999683,0.02472113,0.14089246
003061.npy,0.00062292,0.999992,0.00404952,0.09886903
003062.npy,0.00070092,0.999990,0.00442861,0.10167862
003064.npy,0.01151537,0.999971,0.00595226,0.10827995
003066.npy,0.01560347,0.999817,0.00759612,0.10832214
003069.npy,0.11552313,0.997258,0.07002945,0.07673739
003070.npy,0.08755878,0.998229,0.06244771,0.06705786
003071.npy,0.08082881,0.998285,0.05744633,0.06471644
003074.npy,0.00163274,0.999900,0.00775824,0.01785661
003075.npy,0.00170395,0.999899,0.00817006,0.01670895
003077.npy,0.00316711,0.999970,0.00879818,0.10025083
003078.npy,0.00219997,0.999972,0.00768162,0.08162960
003079.npy,0.00320360,0.999969,0.00887297,0.10020680
003083.npy,0.00508758,0.999967,0.00426514,0.06647924
003084.npy,0.06270575,0.999550,0.02548576,0.14201486
003085.npy,0.00966294,0.999458,0.00796646,0.06183613
003086.npy,0.01185721,0.999426,0.00851955,0.06878822
003087.npy,0.01381626,0.999467,0.00974396,0.07684549
003088.npy,0.03562918,0.999347,0.01134986,0.10198513
003089.npy,0.01992727,0.999467,0.00682466,0.08939679
003090.npy,0.01926712,0.999457,0.00681353,0.08686273
003091.npy,0.02155941,0.999364,0.00723940,0.09149508
003092.npy,0.00577660,0.999958,0.00715136,0.05650469
003093.npy,0.01750188,0.999919,0.01164522,0.10350250
003094.npy,0.01988952,0.999887,0.01287745,0.10939357
003096.npy,0.03157981,0.999644,0.01414999,0.11098544
003097.npy,0.01973793,0.999850,0.01139168,0.10596244
003098.npy,0.02265654,0.999806,0.01229105,0.11209167
003100.npy,0.03151779,0.998955,0.01061812,0.11462661
003101.npy,0.07135795,0.996265,0.04031586,0.11188965
003102.npy,0.07731238,0.995926,0.04162829,0.11262627
003104.npy,0.00182808,0.999719,0.00426664,0.03879211
003105.npy,0.00260337,0.999902,0.00310345,0.05007705
003106.npy,0.00149901,0.999827,0.00296736,0.03801865
003107.npy,0.00251620,0.999886,0.00294999,0.04582147
003108.npy,0.00387713,0.999984,0.00435116,0.06387702
003111.npy,0.00506624,0.999968,0.00769168,0.07749389
003112.npy,0.01271235,0.999939,0.00409726,0.05989092
003113.npy,0.02716413,0.999686,0.00722913,0.11279076
003114.npy,0.02330635,0.999722,0.00643205,0.10420179
003115.npy,0.02212068,0.999697,0.00637347,0.10061434
003116.npy,0.00501020,0.999934,0.01554569,0.01992260
003117.npy,0.00100685,0.999557,0.00616248,0.00894036
003118.npy,0.00275746,0.999716,0.00541502,0.01867700
003119.npy,0.00092527,0.999641,0.00500578,0.00868743
003120.npy,0.00103801,0.999914,0.00662747,0.03065804
003121.npy,0.02542136,0.999673,0.01616950,0.07194743
003122.npy,0.02233059,0.999765,0.01522028,0.05744153
003123.npy,0.02028197,0.999755,0.01486024,0.05779746
003124.npy,0.00040970,0.999995,0.00414331,0.04084536
003125.npy,0.00115840,0.999967,0.00705004,0.03396441
003126.npy,0.00153831,0.999946,0.00808563,0.03922304
003127.npy,0.00143918,0.999946,0.00793783,0.03666399
003128.npy,0.00735127,0.999984,0.00792976,0.13959195
003130.npy,0.00469534,0.999975,0.01205808,0.02768999
003131.npy,0.00481871,0.999977,0.01142159,0.03581528
003132.npy,0.03903798,0.999755,0.01275047,0.12427913
003133.npy,0.01076446,0.999512,0.00592926,0.07058455
003134.npy,0.01113911,0.999540,0.00596104,0.07619347
003135.npy,0.01074469,0.999512,0.00587223,0.07250846
003137.npy,0.02512179,0.999471,0.01116645,0.08370361
003138.npy,0.02881949,0.999500,0.01275262,0.09473614
003139.npy,0.02798762,0.999589,0.01344308,0.10220410
003140.npy,0.00726863,0.999951,0.00757882,0.11564440
003141.npy,0.00301563,0.999584,0.01038448,0.02283011
003142.npy,0.00250676,0.999639,0.00953934,0.02229276
003143.npy,0.00292525,0.999722,0.01038723,0.02556107
003144.npy,0.00247351,0.999991,0.00471279,0.02358682
003145.npy,0.04376499,0.996648,0.03164685,0.10479690
003146.npy,0.04327257,0.996689,0.03084872,0.10438908
003147.npy,0.04337394,0.996692,0.03087081,0.10452042
003148.npy,0.00696888,0.999817,0.01182551,0.10069236
003149.npy,0.00445016,0.999916,0.00661907,0.06595776
003150.npy,0.00337714,0.999956,0.00540939,0.06617372
003151.npy,0.00372745,0.999927,0.00617794,0.06947000
003152.npy,0.00834647,0.999970,0.00808768,0.15305202
003153.npy,0.00452337,0.999863,0.00977040,0.11886742
003154.npy,0.00445879,0.999865,0.00969294,0.11828369
003155.npy,0.00448256,0.999867,0.00979385,0.11535922
003156.npy,0.06360132,0.998391,0.02959248,0.11657502
003158.npy,0.02753790,0.999131,0.03674459,0.04110381
003159.npy,0.02636475,0.999146,0.03569872,0.04040882
003161.npy,0.01776778,0.999952,0.00542830,0.08056330
003162.npy,0.03743400,0.999871,0.00629519,0.10483544
003164.npy,0.03942144,0.999926,0.00883426,0.21400551
003167.npy,0.00761957,0.999883,0.01253742,0.13721904
003168.npy,0.00933837,0.999860,0.01574242,0.07125828
003170.npy,0.00831837,0.999159,0.01600994,0.05953261
003171.npy,0.00725449,0.999483,0.01605716,0.06655816
003173.npy,0.00371869,0.999976,0.00505095,0.05368705
003174.npy,0.00371632,0.999975,0.00479953,0.04436907
003175.npy,0.00314280,0.999976,0.00476599,0.03947734
003176.npy,0.02246509,0.998815,0.01573981,0.06483638
003179.npy,0.06348767,0.998999,0.02116360,0.11705926
003180.npy,0.00116984,0.999980,0.00686364,0.05912477
003181.npy,0.04466075,0.998737,0.04422862,0.05522033
003182.npy,0.04532153,0.998620,0.04449335,0.05554781
003183.npy,0.04407249,0.998790,0.04375651,0.05476964
003184.npy,0.05101404,0.999350,0.02431630,0.19804783
003185.npy,0.02408940,0.999634,0.01626536,0.13385262
003187.npy,0.02047736,0.999618,0.01524426,0.11901221
003188.npy,0.00205763,0.999964,0.00922479,0.02428570
003190.npy,0.06624254,0.998376,0.05379335,0.07091457
003191.npy,0.06358627,0.998406,0.05271978,0.06935055
003192.npy,0.00300164,0.999981,0.00300081,0.06829949
003194.npy,0.01429785,0.999875,0.00441606,0.11313983
003195.npy,0.01332253,0.999895,0.00436402,0.11153870
003196.npy,0.02288898,0.999576,0.01087219,0.08551837
003197.npy,0.02182017,0.999738,0.00836888,0.10920661
003198.npy,0.02047637,0.999671,0.00754442,0.10380077
003199.npy,0.02222358,0.999755,0.00906483,0.11320108
